,,goals,goals,goals,goals,goals,assists,assists,assists,assists,assists,gca,gca,gca,gca,gca,passes,passes,passes,passes,passes,aerials_won_pct,aerials_won_pct,aerials_won_pct,aerials_won_pct,aerials_won_pct,tackles,tackles,tackles,tackles,tackles
,,min,25%,50%,75%,max,min,25%,50%,75%,max,min,25%,50%,75%,max,min,25%,50%,75%,max,min,25%,50%,75%,max,min,25%,50%,75%,max
squad,pos,,,,,,,,,,,,,,,,,,,,,,,,,,,,,,
1. FC Köln,DF,0.0,0.0,0.0,1.0,7.0,0.0,0.0,0.5,2.75,7.0,0.0,0.5,4.0,7.25,13.0,405.0,1055.75,1421.5,1930.0,3540.0,65.5,92.67500000000001,142.45,165.95000000000002,201.0,19.0,34.5,62.5,124.0,141.0
1. FC Köln,FW,13.0,14.0,15.0,16.0,17.0,2.0,2.0,2.0,5.0,8.0,2.0,7.5,13.0,16.5,20.0,582.0,894.5,1207.0,1526.0,1845.0,140.9,150.10000000000002,159.3,189.7,220.1,15.0,23.0,31.0,60.5,90.0
1. FC Köln,GK,0.0,0.0,0.0,0.0,0.0,0.0,0.0,0.0,0.0,0.0,0.0,0.25,0.5,0.75,1.0,1231.0,1666.75,2102.5,2538.25,2974.0,0.0,0.0,0.0,0.0,0.0,0.0,0.0,0.0,0.0,0.0
1. FC Köln,MF,1.0,1.75,3.5,9.0,19.0,0.0,1.75,5.0,7.5,11.0,0.0,4.75,7.5,20.5,23.0,428.0,1067.75,1217.5,2120.5,5002.0,39.1,86.47500000000001,116.3,146.4,230.6,12.0,51.5,55.0,84.0,292.0
1. FC Union Berlin,DF,0.0,2.0,2.0,4.0,7.0,0.0,0.0,2.0,7.0,17.0,0.0,1.0,4.0,14.0,23.0,516.0,1461.0,3502.0,3591.0,5844.0,120.9,123.0,179.0,214.1,235.2,23.0,69.0,131.0,147.0,160.0
1. FC Union Berlin,FW,3.0,4.75,7.5,13.25,25.0,1.0,2.0,2.5,6.0,17.0,5.0,6.0,7.0,12.5,34.0,367.0,495.0,664.5,902.25,2879.0,55.3,76.55,89.30000000000001,91.175,110.5,11.0,16.5,18.0,24.75,57.0
1. FC Union Berlin,GK,0.0,0.0,0.0,0.0,0.0,0.0,0.0,0.0,0.0,0.0,0.0,0.0,0.0,0.0,0.0,2690.0,2690.0,2690.0,2690.0,2690.0,0.0,0.0,0.0,0.0,0.0,0.0,0.0,0.0,0.0,0.0
1. FC Union Berlin,MF,0.0,1.5,4.0,5.0,8.0,0.0,2.0,3.0,6.5,7.0,1.0,6.5,8.0,9.0,15.0,564.0,1197.0,1549.0,2043.0,3298.0,79.8,121.25,155.2,185.4,201.5,36.0,64.0,79.0,114.5,186.0
1. FSV Mainz 05,DF,0.0,1.0,2.0,3.5,7.0,0.0,1.0,2.5,3.75,10.0,1.0,3.0,4.5,7.25,16.0,752.0,895.5,2326.5,3140.0,5193.0,44.2,149.325,165.05,215.62499999999997,259.5,32.0,67.0,86.0,131.25,188.0
1. FSV Mainz 05,FW,4.0,9.25,10.0,15.25,26.0,1.0,2.5,5.5,7.0,14.0,2.0,10.5,12.5,15.25,28.0,432.0,846.25,1150.0,1298.5,1376.0,78.8,143.14999999999998,157.55,165.65,176.4,14.0,36.75,48.5,60.25,92.0
1. FSV Mainz 05,GK,0.0,0.0,0.0,0.0,0.0,0.0,0.0,0.0,0.0,0.0,0.0,0.0,0.0,0.0,0.0,2756.0,2756.0,2756.0,2756.0,2756.0,0.0,0.0,0.0,0.0,0.0,0.0,0.0,0.0,0.0,0.0
1. FSV Mainz 05,MF,0.0,1.5,2.0,4.5,11.0,0.0,4.0,7.0,9.0,17.0,3.0,7.5,12.0,13.0,34.0,390.0,1899.0,2422.0,2728.0,3084.0,48.9,107.7,126.1,186.4,238.0,21.0,108.0,126.0,165.5,198.0
AS Monaco,DF,0.0,0.0,2.5,3.5,9.0,0.0,1.0,3.0,8.0,9.0,1.0,5.0,7.5,14.25,20.0,777.0,2159.0,4028.5,4904.25,5050.0,63.9,154.45,232.95,269.35,299.9,75.0,86.0,105.0,170.75,268.0
AS Monaco,FW,13.0,13.75,29.0,49.25,65.0,7.0,15.25,20.0,23.5,28.0,23.0,26.75,40.0,52.25,53.0,2418.0,2603.25,2736.0,2918.25,3252.0,98.5,133.52499999999998,147.64999999999998,150.77499999999998,152.8,70.0,96.25,118.0,131.25,132.0
AS Monaco,GK,0.0,0.0,0.0,0.0,0.0,0.0,0.0,0.0,0.0,0.0,0.0,0.0,0.0,0.5,2.0,315.0,542.25,1366.0,2362.25,3107.0,0.0,0.0,0.0,0.0,0.0,0.0,0.0,0.0,0.0,0.0
AS Monaco,MF,1.0,3.0,3.0,3.75,12.0,2.0,2.5,4.5,5.75,9.0,6.0,9.0,13.5,15.75,17.0,633.0,1482.5,2159.0,3216.5,3812.0,6.7,132.9,145.45,245.07500000000002,297.1,30.0,65.25,88.5,175.5,236.0
AS Saint-Étienne,DF,0.0,0.0,1.0,2.25,7.0,0.0,1.0,1.5,3.25,5.0,0.0,1.75,4.0,5.0,9.0,562.0,995.5,1879.0,2674.0,4814.0,42.3,114.74999999999999,152.7,195.6,265.1,20.0,47.75,87.5,111.0,158.0
AS Saint-Étienne,FW,3.0,10.0,16.0,28.0,30.0,1.0,2.0,6.0,9.0,9.0,3.0,3.0,21.0,22.0,25.0,265.0,368.0,1749.0,2240.0,2460.0,59.6,92.1,122.7,167.5,244.3,14.0,23.0,72.0,100.0,215.0
AS Saint-Étienne,GK,0.0,0.0,0.0,0.0,0.0,0.0,0.0,0.0,0.0,0.0,0.0,0.0,0.0,0.0,0.0,623.0,856.0,1089.0,1441.5,1794.0,0.0,0.0,0.0,0.0,0.0,0.0,0.0,0.0,0.0,0.0
AS Saint-Étienne,MF,0.0,0.0,1.0,2.0,9.0,0.0,1.0,2.0,5.0,8.0,1.0,3.0,7.0,10.0,24.0,505.0,927.0,1410.0,2100.0,3494.0,32.4,58.8,100.0,132.0,179.6,37.0,47.0,55.0,92.0,199.0
Amiens,DF,0.0,0.0,0.5,1.25,3.0,0.0,0.0,0.5,1.0,2.0,0.0,0.75,1.0,1.5,3.0,793.0,987.25,1162.0,1226.25,2344.0,53.2,65.47500000000001,85.45,121.4,231.5,31.0,34.75,36.0,47.25,75.0
Amiens,FW,1.0,1.0,2.0,4.0,7.0,1.0,1.75,2.5,3.25,4.0,1.0,3.25,6.0,8.5,10.0,322.0,455.5,794.5,1096.75,1120.0,44.4,64.875,75.7,82.05000000000001,89.1,17.0,20.0,30.5,43.5,54.0
Amiens,GK,0.0,0.0,0.0,0.0,0.0,0.0,0.0,0.0,0.0,0.0,0.0,0.0,0.0,0.0,0.0,1970.0,1970.0,1970.0,1970.0,1970.0,0.0,0.0,0.0,0.0,0.0,0.0,0.0,0.0,0.0,0.0
Amiens,MF,1.0,1.0,1.0,1.75,4.0,0.0,0.75,1.5,2.0,2.0,1.0,2.5,3.0,4.25,8.0,393.0,591.75,1270.5,1904.25,1968.0,41.9,79.54999999999998,97.85,104.475,107.1,24.0,28.5,52.0,88.0,130.0
Angers SCO,DF,0.0,1.0,2.0,7.0,9.0,1.0,2.0,4.0,5.0,9.0,3.0,4.0,6.0,6.0,15.0,1077.0,1777.0,2448.0,4693.0,5536.0,53.8,145.1,197.2,211.8,253.1,48.0,91.0,98.0,166.0,196.0
Angers SCO,FW,2.0,9.0,10.0,11.75,23.0,0.0,1.25,2.5,3.75,8.0,3.0,5.0,5.5,9.75,30.0,275.0,815.5,856.5,1061.75,2079.0,49.3,67.8,85.1,105.85000000000001,158.3,19.0,26.75,43.5,54.25,102.0
Angers SCO,GK,0.0,0.0,0.0,0.0,0.0,0.0,0.0,0.0,0.0,0.0,0.0,0.25,0.5,0.75,1.0,1667.0,2032.0,2397.0,2762.0,3127.0,0.0,0.0,0.0,0.0,0.0,0.0,0.25,0.5,0.75,1.0
Angers SCO,MF,0.0,0.0,5.0,10.5,15.0,0.0,1.5,4.0,7.0,8.0,0.0,5.0,10.0,17.5,23.0,545.0,1291.5,1836.0,3134.0,5493.0,70.1,149.75,165.8,204.5,248.3,31.0,51.0,78.0,108.0,185.0
Arsenal,DF,0.0,0.25,2.0,3.0,6.0,0.0,0.25,2.5,4.5,8.0,0.0,3.0,5.0,10.75,12.0,769.0,2449.5,2676.5,3071.75,5297.0,117.8,141.54999999999998,207.9,240.975,285.4,23.0,63.75,84.0,101.5,111.0
Arsenal,FW,5.0,9.25,25.0,37.75,58.0,0.0,3.75,14.0,17.5,19.0,2.0,11.0,33.0,38.5,57.0,272.0,904.0,2279.5,2891.5,3801.0,0.0,64.025,100.2,136.45000000000002,159.8,18.0,42.5,89.0,94.25,98.0
Arsenal,GK,0.0,0.0,0.0,0.0,0.0,0.0,0.0,0.0,0.5,1.0,0.0,0.0,0.0,0.0,0.0,1169.0,1983.0,2797.0,3066.5,3336.0,0.0,0.0,0.0,0.0,0.0,0.0,0.0,0.0,0.0,0.0
Arsenal,MF,1.0,3.75,6.5,9.0,9.0,1.0,3.25,5.5,6.75,12.0,1.0,9.0,14.0,21.25,25.0,464.0,1563.5,2474.0,3453.75,6836.0,71.4,84.375,111.1,197.15000000000003,298.8,27.0,32.75,69.5,121.0,212.0
Aston Villa,DF,0.0,1.0,2.0,3.0,5.0,0.0,0.0,1.0,2.0,8.0,0.0,1.0,2.0,5.0,16.0,524.0,1116.0,1872.0,2585.0,4739.0,38.5,121.5,132.2,214.0,253.8,21.0,25.0,43.0,73.0,208.0
Aston Villa,FW,1.0,5.0,8.0,19.0,44.0,0.0,2.0,6.0,11.0,14.0,0.0,4.0,13.0,23.0,35.0,179.0,773.0,1336.0,1912.0,4231.0,30.4,77.0,88.7,130.4,260.6,9.0,36.0,64.0,112.0,123.0
Aston Villa,GK,0.0,0.0,0.0,0.0,0.0,0.0,0.0,0.0,0.0,0.0,0.0,0.25,0.5,0.75,1.0,1201.0,1427.0,1653.0,1879.0,2105.0,0.0,25.0,50.0,75.0,100.0,0.0,0.0,0.0,0.0,0.0
Aston Villa,MF,0.0,2.75,4.5,9.75,15.0,0.0,0.75,6.5,10.0,11.0,1.0,1.0,10.5,18.5,30.0,326.0,789.0,1914.5,2766.25,3904.0,59.9,109.32500000000002,146.15,177.79999999999998,261.4,15.0,27.0,95.5,163.5,177.0
Atalanta,DF,0.0,1.5,4.0,5.75,23.0,0.0,3.25,5.5,9.25,15.0,1.0,7.25,11.0,16.5,28.0,830.0,1960.25,3253.5,4798.5,5200.0,75.3,165.97500000000002,249.55,271.90000000000003,313.3,33.0,63.0,109.5,175.5,269.0
Atalanta,FW,20.0,32.0,42.5,53.0,65.0,13.0,15.25,20.0,24.5,26.0,30.0,37.5,46.5,57.75,72.0,1925.0,2336.0,2569.0,2930.25,3726.0,36.4,112.525,139.9,160.32500000000002,215.6,31.0,50.5,57.5,59.75,65.0
Atalanta,GK,0.0,0.0,0.0,0.0,0.0,0.0,0.0,0.0,0.0,0.0,0.0,0.0,0.0,0.5,1.0,1774.0,1998.0,2222.0,2903.5,3585.0,0.0,0.0,0.0,50.0,100.0,0.0,0.0,0.0,0.5,1.0
Atalanta,MF,6.0,6.75,8.0,13.5,27.0,3.0,7.5,10.0,12.0,15.0,14.0,23.75,28.0,30.0,33.0,2830.0,3454.75,5272.5,6945.75,7137.0,156.1,179.35,195.2,209.70000000000002,228.9,79.0,111.25,193.0,272.0,296.0
Athletic Club de Bilbao,DF,0.0,0.75,2.0,4.25,5.0,0.0,1.0,2.0,5.0,6.0,1.0,3.0,6.0,9.25,13.0,1774.0,2480.0,3208.0,4298.75,5048.0,168.1,193.35,226.25,245.95,264.3,67.0,76.25,118.0,139.75,150.0
Athletic Club de Bilbao,FW,1.0,3.0,7.0,29.0,33.0,2.0,2.0,6.0,7.0,12.0,3.0,5.0,11.0,20.0,31.0,462.0,651.0,783.0,2352.0,4277.0,34.6,101.6,166.0,174.9,585.7,10.0,15.0,31.0,64.0,250.0
Athletic Club de Bilbao,GK,0.0,0.0,0.0,0.0,0.0,0.0,0.25,0.5,0.75,1.0,1.0,1.0,1.0,1.0,1.0,1159.0,1559.0,1959.0,2359.0,2759.0,0.0,0.0,0.0,0.0,0.0,0.0,0.0,0.0,0.0,0.0
Athletic Club de Bilbao,MF,0.0,0.0,1.0,3.0,19.0,0.0,2.0,3.0,5.0,13.0,2.0,2.0,5.0,10.0,37.0,552.0,1342.0,1690.0,2904.0,4516.0,86.6,113.7,144.4,173.1,255.7,12.0,48.0,59.0,128.0,188.0
Atlético de Madrid,DF,0.0,1.0,2.0,4.75,12.0,0.0,2.0,2.5,4.0,16.0,1.0,4.25,5.5,10.0,30.0,1286.0,1972.0,2971.0,4573.25,5733.0,78.3,155.95,243.85000000000002,274.29999999999995,300.8,50.0,70.75,101.5,127.5,263.0
Atlético de Madrid,FW,9.0,14.0,21.0,40.0,65.0,6.0,7.0,18.0,20.0,20.0,10.0,18.0,42.0,43.0,57.0,750.0,1397.0,2581.0,2648.0,4483.0,108.4,110.5,113.6,166.9,252.3,16.0,20.0,38.0,113.0,133.0
Atlético de Madrid,GK,0.0,0.0,0.0,0.0,0.0,0.0,0.0,0.0,0.0,0.0,1.0,1.0,1.0,1.0,1.0,3253.0,3253.0,3253.0,3253.0,3253.0,0.0,0.0,0.0,0.0,0.0,0.0,0.0,0.0,0.0,0.0
Atlético de Madrid,MF,0.0,3.0,7.0,13.25,25.0,2.0,4.5,10.5,14.25,25.0,6.0,10.0,23.0,24.75,53.0,1668.0,2708.75,2811.5,5507.75,7210.0,100.0,166.32500000000002,173.60000000000002,190.47499999999997,262.4,59.0,105.5,167.5,187.5,257.0
Bayer 04 Leverkusen,DF,0.0,0.0,2.0,3.0,4.0,0.0,0.0,1.0,4.0,7.0,0.0,1.0,4.0,8.0,13.0,673.0,1926.0,2725.0,4314.0,7423.0,66.7,118.2,150.1,182.8,290.6,20.0,59.0,69.0,110.0,194.0
Bayer 04 Leverkusen,FW,10.0,14.5,21.5,29.75,38.0,4.0,5.5,8.0,14.5,28.0,10.0,15.25,19.0,26.75,44.0,1053.0,1207.5,1493.0,1952.0,2627.0,62.6,118.32500000000002,143.85000000000002,162.22500000000002,196.5,32.0,32.0,38.0,46.0,52.0
Bayer 04 Leverkusen,GK,0.0,0.0,0.0,0.0,0.0,0.0,0.0,0.0,0.0,0.0,2.0,2.0,2.0,2.0,2.0,5052.0,5052.0,5052.0,5052.0,5052.0,100.0,100.0,100.0,100.0,100.0,0.0,0.0,0.0,0.0,0.0
Bayer 04 Leverkusen,MF,0.0,4.0,7.0,9.0,11.0,1.0,4.0,9.0,12.0,18.0,5.0,12.5,16.0,26.0,34.0,1048.0,2310.0,3030.0,3944.0,4901.0,37.0,121.35000000000001,169.8,180.65,190.4,51.0,61.5,144.0,161.5,170.0
Benevento,DF,0.0,0.25,1.5,2.75,4.0,0.0,0.25,1.0,1.0,2.0,0.0,0.25,1.5,3.5,4.0,458.0,775.5,836.5,2406.5,3951.0,43.1,63.675000000000004,67.85,156.92499999999998,195.2,18.0,27.25,46.5,74.0,128.0
Benevento,FW,20.0,20.0,20.0,20.0,20.0,2.0,2.0,2.0,2.0,2.0,16.0,16.0,16.0,16.0,16.0,896.0,896.0,896.0,896.0,896.0,106.0,106.0,106.0,106.0,106.0,53.0,53.0,53.0,53.0,53.0
Benevento,MF,1.0,1.75,2.0,5.0,9.0,0.0,2.0,4.0,5.0,6.0,3.0,5.5,7.0,8.5,10.0,441.0,865.75,1543.5,2054.0,2737.0,24.1,61.625,101.55000000000001,142.125,183.5,14.0,18.0,47.0,96.0,151.0
Bologna,DF,0.0,1.0,2.5,3.0,7.0,0.0,1.0,1.0,2.75,5.0,0.0,2.0,3.0,4.0,11.0,764.0,1123.25,2243.5,3486.0,4442.0,35.3,93.325,177.05,234.8,467.8,20.0,35.5,64.0,92.5,129.0
Bologna,FW,3.0,9.0,15.0,19.5,24.0,4.0,4.5,12.0,15.0,17.0,8.0,11.0,26.0,30.5,34.0,879.0,1167.0,2130.0,2690.0,2887.0,97.9,108.7,120.6,168.7,210.0,20.0,35.5,59.0,78.5,106.0
Bologna,GK,0.0,0.0,0.0,0.0,0.0,0.0,0.0,0.0,0.0,0.0,1.0,1.0,1.0,1.0,1.0,3834.0,3834.0,3834.0,3834.0,3834.0,0.0,0.0,0.0,0.0,0.0,1.0,1.0,1.0,1.0,1.0
Bologna,MF,1.0,1.75,3.5,7.5,16.0,1.0,2.0,2.5,6.0,17.0,3.0,4.5,6.5,10.0,39.0,538.0,1197.25,1992.5,2020.0,4273.0,56.5,102.30000000000001,137.25,153.1,183.4,18.0,52.75,92.5,127.0,165.0
Borussia Dortmund,DF,0.0,2.0,3.0,4.0,18.0,0.0,1.0,5.0,8.0,20.0,0.0,4.0,9.0,18.0,39.0,912.0,2332.0,3631.0,6041.0,7407.0,70.0,174.1,192.7,248.0,303.7,19.0,47.0,114.0,139.0,183.0
Borussia Dortmund,FW,3.0,4.0,10.0,20.0,53.0,0.0,5.0,7.0,13.0,27.0,5.0,9.0,15.0,31.0,40.0,301.0,959.0,1172.0,2864.0,3424.0,19.0,31.2,99.5,159.9,164.0,12.0,14.0,37.0,77.0,103.0
Borussia Dortmund,GK,0.0,0.0,0.0,0.0,0.0,0.0,0.0,0.0,0.0,0.0,0.0,0.0,0.0,0.5,1.0,769.0,1557.0,2345.0,2543.5,2742.0,0.0,0.0,0.0,0.0,0.0,0.0,0.0,0.0,0.5,1.0
Borussia Dortmund,MF,2.0,3.0,6.0,9.0,40.0,0.0,5.0,6.0,8.0,24.0,2.0,13.0,14.0,19.0,70.0,1335.0,2024.0,3424.0,4223.0,5725.0,73.6,114.5,118.7,258.8,370.5,37.0,85.0,118.0,135.0,185.0
Borussia Mönchengladbach,DF,0.0,1.5,4.5,6.0,12.0,0.0,2.0,2.5,4.75,14.0,2.0,3.25,10.5,13.75,21.0,848.0,1728.75,3011.0,3951.0,7316.0,44.4,150.6,184.35,246.07500000000002,278.1,28.0,65.5,92.0,122.5,173.0
Borussia Mönchengladbach,FW,3.0,20.0,23.0,27.0,31.0,2.0,10.0,12.0,16.0,19.0,8.0,30.0,30.0,31.0,37.0,694.0,1343.0,2242.0,2362.0,3745.0,72.2,106.6,137.3,140.7,212.2,50.0,58.0,78.0,104.0,131.0
Borussia Mönchengladbach,GK,0.0,0.0,0.0,0.0,0.0,1.0,1.0,1.0,1.0,1.0,1.0,1.0,1.0,1.0,1.0,5080.0,5080.0,5080.0,5080.0,5080.0,0.0,0.0,0.0,0.0,0.0,0.0,0.0,0.0,0.0,0.0
Borussia Mönchengladbach,MF,0.0,1.0,2.0,12.5,28.0,0.0,1.5,4.0,10.5,16.0,2.0,4.5,10.0,20.5,41.0,678.0,969.0,3076.0,3163.5,4295.0,30.0,122.75,160.9,183.0,196.3,17.0,45.5,113.0,156.0,179.0
Bournemouth,DF,0.0,0.25,1.0,1.0,2.0,0.0,1.0,1.5,2.0,2.0,0.0,1.0,1.5,3.5,4.0,780.0,919.5,1204.5,1936.5,2765.0,55.0,110.55000000000001,122.19999999999999,127.17500000000001,138.2,21.0,27.0,36.5,58.0,99.0
Bournemouth,FW,3.0,3.0,3.0,3.0,3.0,2.0,2.0,2.0,2.0,2.0,6.0,6.0,6.0,6.0,6.0,530.0,530.0,530.0,530.0,530.0,57.4,57.4,57.4,57.4,57.4,19.0,19.0,19.0,19.0,19.0
Bournemouth,GK,0.0,0.0,0.0,0.0,0.0,0.0,0.0,0.0,0.0,0.0,0.0,0.0,0.0,0.0,0.0,350.0,350.0,350.0,350.0,350.0,0.0,0.0,0.0,0.0,0.0,0.0,0.0,0.0,0.0,0.0
Bournemouth,MF,0.0,1.5,3.0,6.0,8.0,0.0,0.0,1.0,2.5,5.0,0.0,4.0,7.0,7.5,13.0,609.0,904.0,1068.0,1776.0,2944.0,22.5,57.25,93.3,107.19999999999999,139.3,20.0,24.5,41.0,87.0,149.0
Brentford,DF,1.0,1.0,2.0,2.0,4.0,0.0,1.0,1.0,2.0,2.0,0.0,1.0,2.0,3.0,5.0,455.0,563.0,667.0,762.0,1636.0,24.0,53.1,53.9,66.0,171.0,13.0,16.0,25.0,37.0,61.0
Brentford,FW,3.0,3.5,4.0,8.0,12.0,1.0,1.5,2.0,3.0,4.0,3.0,3.0,3.0,10.0,17.0,334.0,340.5,347.0,572.0,797.0,23.5,35.7,47.9,65.5,83.1,14.0,14.5,15.0,25.5,36.0
Brentford,GK,0.0,0.0,0.0,0.0,0.0,0.0,0.0,0.0,0.0,0.0,0.0,0.0,0.0,0.0,0.0,1108.0,1108.0,1108.0,1108.0,1108.0,0.0,0.0,0.0,0.0,0.0,0.0,0.0,0.0,0.0,0.0
Brentford,MF,1.0,1.0,1.0,3.5,6.0,0.0,0.5,1.0,3.0,5.0,2.0,2.0,2.0,5.0,8.0,464.0,643.0,822.0,879.5,937.0,55.2,84.6,114.0,117.05,120.1,30.0,36.5,43.0,58.5,74.0
Brescia,DF,0.0,0.0,0.0,1.0,3.0,0.0,0.0,0.0,0.0,1.0,0.0,0.0,1.0,2.0,2.0,443.0,562.0,808.0,849.0,1154.0,42.9,48.8,50.0,60.5,63.9,10.0,19.0,28.0,35.0,51.0
Brescia,FW,0.0,3.5,7.0,10.0,13.0,0.0,0.5,1.0,1.5,2.0,1.0,3.0,5.0,5.0,5.0,308.0,376.5,445.0,640.0,835.0,23.5,33.55,43.6,87.39999999999999,131.2,13.0,13.0,13.0,16.5,20.0
Brescia,GK,0.0,0.0,0.0,0.0,0.0,0.0,0.0,0.0,0.0,0.0,1.0,1.0,1.0,1.0,1.0,849.0,849.0,849.0,849.0,849.0,0.0,0.0,0.0,0.0,0.0,0.0,0.0,0.0,0.0,0.0
Brescia,MF,1.0,1.75,2.0,2.0,2.0,0.0,0.0,0.5,1.0,1.0,0.0,0.75,1.5,2.25,3.0,381.0,429.75,613.5,809.25,894.0,16.0,40.0,48.25,61.0,98.5,11.0,18.5,25.0,41.75,80.0
Brighton & Hove Albion,DF,0.0,1.0,1.0,4.0,10.0,0.0,1.0,1.0,3.0,8.0,2.0,3.0,4.0,5.0,15.0,638.0,1489.0,2634.0,3401.0,6830.0,47.8,113.0,182.6,212.9,262.6,26.0,59.0,102.0,125.0,150.0
Brighton & Hove Albion,FW,2.0,5.5,10.0,13.5,24.0,0.0,1.5,2.0,3.5,9.0,2.0,4.0,6.0,10.5,23.0,282.0,525.5,712.0,1199.0,2447.0,49.4,57.0,63.4,104.65,166.0,17.0,23.5,28.0,58.0,76.0
Brighton & Hove Albion,GK,0.0,0.0,0.0,0.0,0.0,0.0,0.0,0.0,0.0,0.0,0.0,0.0,0.0,0.0,0.0,1780.0,1780.0,1780.0,1780.0,1780.0,50.0,50.0,50.0,50.0,50.0,0.0,0.0,0.0,0.0,0.0
Brighton & Hove Albion,MF,0.0,1.25,2.0,2.75,8.0,0.0,1.25,2.5,3.0,17.0,1.0,2.5,6.0,9.0,24.0,685.0,783.25,1658.5,2978.0,4221.0,38.2,62.85,100.1,140.85000000000002,215.7,23.0,38.5,74.5,114.0,271.0
Burnley,DF,0.0,0.0,1.0,3.5,7.0,1.0,2.0,4.0,4.5,6.0,1.0,4.0,6.0,9.5,12.0,619.0,2050.5,3793.0,4010.0,4699.0,164.3,201.85,239.5,256.05,287.8,43.0,123.0,160.0,191.5,249.0
Burnley,FW,7.0,8.5,15.0,25.5,39.0,2.0,3.5,4.5,5.25,6.0,8.0,9.5,11.0,13.75,19.0,527.0,770.0,1024.0,1404.75,2028.0,112.4,117.35,129.55,149.42499999999998,177.4,22.0,37.75,51.5,61.75,67.0
Burnley,GK,0.0,0.0,0.0,0.0,0.0,0.0,0.0,0.0,0.0,0.0,0.0,0.0,0.0,0.0,0.0,598.0,1096.25,1594.5,2092.75,2591.0,0.0,0.0,0.0,0.0,0.0,0.0,0.0,0.0,0.0,0.0
Burnley,MF,0.0,1.0,1.5,6.25,7.0,1.0,1.75,3.0,10.25,19.0,2.0,4.25,5.5,18.75,35.0,472.0,1397.0,2465.5,3269.5,6129.0,36.4,150.225,170.05,185.6,196.9,47.0,62.5,102.5,160.25,170.0
CA Osasuna,DF,0.0,0.25,1.0,2.75,4.0,0.0,0.0,0.0,0.75,7.0,0.0,1.0,2.0,4.5,13.0,923.0,1116.5,1574.0,2759.25,4550.0,96.3,141.125,192.65,221.3,260.9,15.0,47.75,78.0,94.5,164.0
CA Osasuna,FW,3.0,7.0,13.0,22.0,25.0,1.0,2.75,3.0,4.75,8.0,5.0,6.5,9.5,17.25,19.0,391.0,895.75,1082.0,1624.75,2832.0,62.3,114.85,142.25,156.47500000000002,185.8,13.0,36.25,51.0,55.0,126.0
CA Osasuna,GK,0.0,0.0,0.0,0.0,0.0,0.0,0.0,0.0,0.0,0.0,0.0,0.0,0.0,0.0,0.0,2293.0,2293.0,2293.0,2293.0,2293.0,0.0,0.0,0.0,0.0,0.0,0.0,0.0,0.0,0.0,0.0
CA Osasuna,MF,1.0,2.0,3.5,4.0,16.0,1.0,1.25,2.5,3.75,14.0,3.0,5.25,6.0,8.5,22.0,769.0,1414.5,2092.5,2206.5,2397.0,50.1,89.225,145.6,189.52500000000003,398.7,21.0,42.5,66.5,105.75,125.0
Caen,DF,0.0,0.0,0.0,0.0,0.0,1.0,1.0,1.0,1.0,1.0,1.0,1.25,1.5,1.75,2.0,596.0,674.5,753.0,831.5,910.0,58.6,60.625,62.650000000000006,64.67500000000001,66.7,15.0,20.5,26.0,31.5,37.0
Caen,FW,0.0,1.5,3.0,4.5,6.0,0.0,0.5,1.0,1.5,2.0,2.0,3.0,4.0,4.5,5.0,389.0,425.0,461.0,509.0,557.0,41.3,41.849999999999994,42.4,50.349999999999994,58.3,15.0,15.5,16.0,16.0,16.0
Caen,GK,0.0,0.0,0.0,0.0,0.0,0.0,0.0,0.0,0.0,0.0,0.0,0.0,0.0,0.0,0.0,1222.0,1222.0,1222.0,1222.0,1222.0,0.0,0.0,0.0,0.0,0.0,0.0,0.0,0.0,0.0,0.0
Caen,MF,0.0,0.0,0.0,1.0,2.0,0.0,0.0,0.0,0.5,1.0,1.0,1.0,1.0,2.0,3.0,468.0,531.0,594.0,795.5,997.0,48.6,50.400000000000006,52.2,59.45,66.7,27.0,32.0,37.0,43.0,49.0
Cagliari,DF,0.0,0.0,0.0,2.5,5.0,0.0,1.0,2.0,3.0,7.0,0.0,3.0,5.0,6.25,12.0,1053.0,1631.5,2090.5,2659.5,4078.0,42.3,144.075,174.15,218.47500000000002,261.0,31.0,54.5,77.0,106.0,187.0
Cagliari,FW,2.0,7.0,20.5,32.5,51.0,0.0,1.0,4.5,8.75,13.0,1.0,4.25,13.5,17.5,34.0,268.0,733.5,1314.0,1509.75,3166.0,55.2,111.10000000000001,176.3,223.875,243.1,14.0,25.25,39.5,65.0,98.0
Cagliari,GK,0.0,0.0,0.0,0.0,0.0,0.0,0.0,0.0,0.0,0.0,0.0,0.0,0.0,0.0,0.0,3217.0,3217.0,3217.0,3217.0,3217.0,0.0,0.0,0.0,0.0,0.0,0.0,0.0,0.0,0.0,0.0
Cagliari,MF,1.0,2.0,3.0,3.0,13.0,1.0,2.0,3.0,7.0,12.0,3.0,4.0,8.0,15.0,24.0,995.0,1138.0,1636.0,2430.0,3560.0,82.4,114.0,187.5,210.8,278.1,30.0,43.0,72.0,153.0,169.0
Cardiff City,DF,0.0,0.5,1.0,2.5,4.0,1.0,1.0,1.0,2.0,3.0,2.0,2.0,2.0,3.0,4.0,552.0,713.5,875.0,902.5,930.0,65.9,67.35,68.8,69.25,69.7,44.0,49.5,55.0,65.5,76.0
Cardiff City,FW,4.0,4.0,4.0,4.0,4.0,1.0,1.0,1.0,1.0,1.0,2.0,2.0,2.0,2.0,2.0,573.0,573.0,573.0,573.0,573.0,48.4,48.4,48.4,48.4,48.4,33.0,33.0,33.0,33.0,33.0
Cardiff City,GK,0.0,0.0,0.0,0.0,0.0,0.0,0.0,0.0,0.0,0.0,0.0,0.0,0.0,0.0,0.0,1203.0,1203.0,1203.0,1203.0,1203.0,0.0,0.0,0.0,0.0,0.0,0.0,0.0,0.0,0.0,0.0
Cardiff City,MF,0.0,0.25,2.0,3.0,4.0,0.0,1.0,1.0,1.0,2.0,3.0,3.0,3.5,4.75,6.0,283.0,419.25,605.5,813.5,921.0,25.4,27.599999999999998,33.599999999999994,46.574999999999996,58.8,25.0,37.5,47.5,57.5,65.0
Chelsea,DF,0.0,4.0,4.0,6.0,9.0,0.0,1.0,2.0,9.0,15.0,1.0,2.0,9.0,23.0,28.0,1749.0,3528.0,4528.0,6341.0,8498.0,104.8,185.0,233.9,247.8,274.2,69.0,80.0,127.0,136.0,286.0
Chelsea,FW,3.0,11.5,20.0,43.0,62.0,5.0,9.5,13.0,13.5,24.0,11.0,24.0,37.0,42.0,56.0,999.0,1837.5,2291.0,3326.5,4308.0,45.3,83.45,110.3,145.9,202.5,18.0,42.5,61.0,78.0,140.0
Chelsea,GK,0.0,0.0,0.0,0.0,0.0,0.0,0.0,0.0,0.0,0.0,0.0,0.0,0.0,0.0,0.0,2516.0,2748.25,2980.5,3212.75,3445.0,0.0,0.0,0.0,0.0,0.0,0.0,0.0,0.0,0.0,0.0
Chelsea,MF,2.0,7.0,7.0,9.0,17.0,4.0,5.0,6.0,10.0,11.0,10.0,10.0,19.0,20.0,22.0,1928.0,2484.0,5072.0,5620.0,7924.0,145.9,156.8,179.3,209.7,303.1,36.0,66.0,212.0,241.0,242.0
Chievo,DF,1.0,1.0,1.0,1.0,1.0,0.0,0.0,0.0,0.0,0.0,0.0,0.0,0.0,0.0,0.0,385.0,385.0,385.0,385.0,385.0,67.6,67.6,67.6,67.6,67.6,25.0,25.0,25.0,25.0,25.0
Chievo,FW,3.0,3.25,3.5,3.75,4.0,1.0,1.0,1.0,1.0,1.0,1.0,1.5,2.0,2.5,3.0,196.0,253.75,311.5,369.25,427.0,36.7,41.7,46.7,51.7,56.7,4.0,9.0,14.0,19.0,24.0
Chievo,GK,0.0,0.0,0.0,0.0,0.0,0.0,0.0,0.0,0.0,0.0,0.0,0.0,0.0,0.0,0.0,895.0,895.0,895.0,895.0,895.0,0.0,0.0,0.0,0.0,0.0,0.0,0.0,0.0,0.0,0.0
Chievo,MF,0.0,0.75,1.5,2.25,3.0,1.0,1.0,1.0,1.0,1.0,3.0,3.0,3.0,3.0,3.0,904.0,950.5,997.0,1043.5,1090.0,23.5,31.975,40.45,48.925,57.4,13.0,21.75,30.5,39.25,48.0
Clermont Foot 63,DF,0.0,0.0,0.5,1.0,1.0,0.0,0.0,0.5,1.25,2.0,0.0,0.75,2.0,3.25,4.0,598.0,819.25,913.0,954.0,1017.0,40.0,46.525000000000006,51.95,61.050000000000004,78.6,22.0,22.0,33.0,44.75,47.0
Clermont Foot 63,FW,1.0,3.0,5.0,7.0,9.0,1.0,1.25,1.5,1.75,2.0,3.0,3.5,4.0,4.5,5.0,315.0,316.25,317.5,318.75,320.0,18.2,22.599999999999998,27.0,31.4,35.8,6.0,10.0,14.0,18.0,22.0
Clermont Foot 63,GK,0.0,0.0,0.0,0.0,0.0,0.0,0.0,0.0,0.0,0.0,0.0,0.0,0.0,0.0,0.0,368.0,368.0,368.0,368.0,368.0,0.0,0.0,0.0,0.0,0.0,0.0,0.0,0.0,0.0,0.0
Clermont Foot 63,MF,0.0,0.0,0.5,2.0,5.0,0.0,0.75,1.5,2.25,3.0,0.0,3.0,4.5,5.25,6.0,885.0,934.5,1014.0,1116.25,1234.0,37.5,44.025000000000006,46.45,64.2,116.7,19.0,26.5,34.0,40.0,43.0
Crotone,DF,0.0,0.0,0.0,2.0,2.0,0.0,0.0,0.0,3.0,4.0,0.0,1.0,1.0,5.0,7.0,1019.0,1281.0,1411.0,1523.0,1605.0,56.6,61.1,76.4,113.9,120.1,28.0,34.0,35.0,82.0,92.0
Crotone,GK,0.0,0.0,0.0,0.0,0.0,0.0,0.0,0.0,0.0,0.0,0.0,0.0,0.0,0.0,0.0,1446.0,1446.0,1446.0,1446.0,1446.0,100.0,100.0,100.0,100.0,100.0,0.0,0.0,0.0,0.0,0.0
Crotone,MF,0.0,0.0,0.5,1.0,1.0,1.0,1.0,2.5,4.75,6.0,1.0,3.0,5.0,7.75,17.0,569.0,760.25,934.5,1600.75,3342.0,52.3,55.175,58.849999999999994,63.87500000000001,151.9,23.0,29.0,37.5,52.0,118.0
Crystal Palace,DF,0.0,1.0,1.0,2.0,6.0,0.0,1.25,2.0,2.0,5.0,0.0,2.25,3.0,4.0,15.0,1010.0,1312.75,1751.0,3217.0,6073.0,54.4,122.82500000000002,156.2,245.9,365.0,20.0,34.75,77.0,120.75,153.0
Crystal Palace,FW,9.0,12.0,17.0,25.0,30.0,2.0,4.0,4.0,9.0,11.0,8.0,14.0,16.0,23.0,43.0,546.0,992.0,1388.0,2157.0,3544.0,97.7,106.1,118.2,227.3,272.1,8.0,27.0,34.0,144.0,177.0
Crystal Palace,GK,0.0,0.0,0.0,0.0,0.0,0.0,0.0,0.0,0.0,0.0,0.0,0.25,0.5,0.75,1.0,614.0,1267.0,1920.0,2573.0,3226.0,0.0,0.0,0.0,0.0,0.0,0.0,0.0,0.0,0.0,0.0
Crystal Palace,MF,0.0,2.0,3.0,8.0,16.0,0.0,4.0,5.0,6.0,12.0,0.0,8.0,11.0,12.0,21.0,1072.0,1187.0,1555.0,3339.0,5235.0,27.3,92.2,123.3,215.4,236.3,38.0,96.0,123.0,228.0,286.0
Cádiz CF,DF,0.0,0.75,1.0,2.0,3.0,0.0,0.0,0.5,1.25,3.0,0.0,1.0,2.5,3.5,6.0,351.0,796.25,1025.5,1225.75,1823.0,62.8,95.12499999999999,115.85,132.57500000000002,185.2,26.0,35.75,53.5,86.25,146.0
Cádiz CF,FW,5.0,6.5,8.0,9.0,10.0,2.0,2.0,2.0,3.0,4.0,8.0,8.5,9.0,11.5,14.0,649.0,701.5,754.0,818.0,882.0,89.0,108.75,128.5,205.4,282.3,12.0,19.0,26.0,52.0,78.0
Cádiz CF,GK,0.0,0.0,0.0,0.0,0.0,0.0,0.0,0.0,0.0,0.0,0.0,0.0,0.0,0.0,0.0,1520.0,1520.0,1520.0,1520.0,1520.0,0.0,0.0,0.0,0.0,0.0,0.0,0.0,0.0,0.0,0.0
Cádiz CF,MF,0.0,0.5,1.0,2.5,7.0,0.0,0.5,1.0,1.5,4.0,0.0,2.0,4.0,5.0,10.0,415.0,467.5,819.0,899.5,1445.0,30.4,44.7,51.7,81.05000000000001,127.9,22.0,27.5,35.0,47.0,90.0
DSC Arminia Bielefeld,DF,0.0,0.0,1.0,1.5,3.0,0.0,0.0,1.0,1.0,2.0,0.0,0.5,1.0,2.0,5.0,643.0,958.5,1582.0,2105.0,2115.0,37.5,92.55,119.9,142.95,199.9,10.0,27.0,60.0,90.5,98.0
DSC Arminia Bielefeld,FW,2.0,3.5,5.0,6.5,8.0,3.0,3.0,3.0,3.0,3.0,5.0,5.5,6.0,6.5,7.0,278.0,497.5,717.0,936.5,1156.0,38.5,54.5,70.5,86.5,102.5,25.0,26.5,28.0,29.5,31.0
DSC Arminia Bielefeld,GK,0.0,0.0,0.0,0.0,0.0,1.0,1.0,1.0,1.0,1.0,3.0,3.0,3.0,3.0,3.0,2771.0,2771.0,2771.0,2771.0,2771.0,0.0,0.0,0.0,0.0,0.0,1.0,1.0,1.0,1.0,1.0
DSC Arminia Bielefeld,MF,0.0,0.5,1.0,3.0,6.0,0.0,0.5,1.0,1.5,2.0,0.0,2.5,5.0,7.5,9.0,398.0,802.5,861.0,1280.5,2064.0,34.8,50.150000000000006,77.7,118.0,139.8,35.0,48.0,64.0,99.5,113.0
Deportivo Alavés,DF,0.0,0.0,1.0,3.0,4.0,0.0,0.0,1.0,3.0,6.0,0.0,1.0,4.0,9.0,14.0,468.0,1133.0,2585.0,3219.0,4513.0,131.0,188.8,234.0,250.7,282.1,19.0,40.0,102.0,156.0,238.0
Deportivo Alavés,FW,1.0,4.0,5.5,12.5,32.0,1.0,2.5,3.5,4.5,6.0,2.0,5.0,9.5,15.5,23.0,378.0,714.0,1162.5,1809.75,2742.0,113.8,116.2,126.9,166.07500000000002,253.9,8.0,43.25,64.0,73.5,75.0
Deportivo Alavés,GK,0.0,0.0,0.0,0.0,0.0,0.0,0.0,0.0,0.0,0.0,0.0,0.0,0.0,0.0,0.0,3388.0,3388.0,3388.0,3388.0,3388.0,0.0,0.0,0.0,0.0,0.0,1.0,1.0,1.0,1.0,1.0
Deportivo Alavés,MF,0.0,0.25,1.0,1.75,4.0,0.0,0.25,1.0,3.0,8.0,0.0,0.5,2.5,5.75,11.0,244.0,437.75,921.5,1951.25,3349.0,52.1,73.27499999999999,90.75,211.72500000000002,249.4,14.0,28.75,53.5,139.5,208.0
Dijon,DF,0.0,0.0,1.0,2.0,3.0,0.0,0.0,1.0,2.0,4.0,0.0,2.0,2.0,4.0,9.0,842.0,1164.0,1564.0,2004.0,4317.0,43.8,54.5,112.1,154.5,208.2,34.0,55.0,58.0,77.0,156.0
Dijon,FW,1.0,1.5,3.5,8.5,14.0,1.0,2.0,2.5,3.75,6.0,3.0,4.75,7.0,7.0,13.0,310.0,855.5,1085.0,1256.0,2021.0,31.7,56.9,100.65,107.5,127.2,12.0,23.5,33.0,55.25,104.0
Dijon,GK,0.0,0.0,0.0,0.0,0.0,0.0,0.0,0.0,0.0,0.0,0.0,0.0,0.0,0.0,0.0,405.0,435.5,466.0,561.0,656.0,0.0,0.0,0.0,0.0,0.0,0.0,0.0,0.0,0.0,0.0
Dijon,MF,0.0,0.0,0.0,1.0,3.0,0.0,1.0,1.0,4.0,5.0,1.0,1.0,3.0,5.0,11.0,505.0,959.0,1092.0,1753.0,3385.0,12.9,31.1,65.5,114.5,152.1,24.0,27.0,38.0,94.0,177.0
Düsseldorf,DF,1.0,1.0,1.5,2.0,2.0,1.0,1.75,2.0,2.75,5.0,1.0,4.0,5.0,7.0,13.0,891.0,1040.25,1463.0,2210.0,3332.0,0.0,71.025,98.85,103.075,103.3,31.0,37.0,49.5,85.0,160.0
Düsseldorf,FW,5.0,7.0,9.0,15.5,22.0,1.0,1.5,2.0,3.0,4.0,6.0,6.0,6.0,9.0,12.0,547.0,580.5,614.0,837.5,1061.0,73.9,75.45,77.0,99.05,121.1,21.0,21.5,22.0,24.5,27.0
Düsseldorf,GK,0.0,0.0,0.0,0.0,0.0,0.0,0.0,0.0,0.0,0.0,0.0,0.25,0.5,0.75,1.0,630.0,724.5,819.0,913.5,1008.0,0.0,0.0,0.0,0.0,0.0,0.0,0.0,0.0,0.0,0.0
Düsseldorf,MF,0.0,0.0,1.0,2.25,3.0,1.0,1.0,1.0,1.5,3.0,3.0,3.0,4.5,6.25,7.0,570.0,636.75,953.5,1283.75,1391.0,63.5,93.125,111.1,119.375,119.9,38.0,58.25,67.5,73.25,83.0
ESTAC Troyes,DF,0.0,0.0,0.0,0.5,2.0,0.0,0.5,1.0,1.0,2.0,0.0,0.5,1.0,2.0,4.0,426.0,674.5,767.0,898.0,1977.0,30.0,56.9,105.6,130.75,157.1,9.0,23.5,29.0,35.0,112.0
ESTAC Troyes,FW,2.0,9.0,16.0,20.0,24.0,0.0,1.5,3.0,5.0,7.0,1.0,6.5,12.0,13.0,14.0,205.0,655.5,1106.0,2275.5,3445.0,34.1,64.3,94.5,134.15,173.8,4.0,48.0,92.0,133.0,174.0
ESTAC Troyes,GK,0.0,0.0,0.0,0.0,0.0,0.0,0.0,0.0,0.0,0.0,0.0,0.0,0.0,0.0,0.0,656.0,656.0,656.0,656.0,656.0,0.0,0.0,0.0,0.0,0.0,0.0,0.0,0.0,0.0,0.0
ESTAC Troyes,MF,1.0,1.5,2.0,2.5,3.0,1.0,2.75,4.5,6.25,8.0,2.0,4.5,7.0,9.5,12.0,861.0,961.0,1061.0,1161.0,1261.0,23.1,42.325,61.55,80.775,100.0,29.0,34.75,40.5,46.25,52.0
Eibar,DF,0.0,0.0,1.0,2.0,4.0,0.0,1.0,1.0,2.0,3.0,1.0,1.0,2.0,4.0,8.0,866.0,927.0,1123.0,2011.0,4139.0,41.0,80.8,120.4,142.3,191.3,24.0,34.0,39.0,84.0,131.0
Eibar,FW,2.0,6.5,11.0,15.5,20.0,1.0,1.0,1.0,4.5,8.0,2.0,4.0,6.0,13.0,20.0,398.0,652.5,907.0,1411.0,1915.0,85.9,86.85,87.8,107.25,126.7,24.0,25.5,27.0,50.0,73.0
Eibar,GK,0.0,0.0,0.0,0.0,0.0,0.0,0.0,0.0,0.0,0.0,0.0,0.0,0.0,0.0,0.0,384.0,384.0,384.0,384.0,384.0,0.0,0.0,0.0,0.0,0.0,0.0,0.0,0.0,0.0,0.0
Eibar,MF,0.0,0.75,2.5,3.25,5.0,0.0,1.5,2.0,3.25,4.0,1.0,2.75,4.0,7.0,8.0,518.0,1361.5,1734.0,2109.0,2849.0,53.8,99.20000000000002,123.75,151.975,179.3,40.0,57.25,69.5,100.5,154.0
Eintracht Frankfurt,DF,0.0,2.0,3.0,7.0,17.0,0.0,1.0,4.0,5.0,41.0,1.0,4.0,8.0,10.0,65.0,900.0,1667.0,2317.0,4336.0,5661.0,107.0,171.7,231.0,276.5,357.9,29.0,75.0,106.0,154.0,249.0
Eintracht Frankfurt,FW,2.0,3.5,8.0,12.25,13.0,3.0,3.0,3.5,4.25,5.0,6.0,6.0,7.5,9.75,12.0,395.0,583.25,709.5,780.5,803.0,30.4,100.6,131.6,160.45,224.2,12.0,15.0,18.0,27.0,48.0
Eintracht Frankfurt,GK,0.0,0.0,0.0,0.0,0.0,0.0,0.0,0.0,0.0,0.0,0.0,0.0,0.0,0.0,0.0,4185.0,4185.0,4185.0,4185.0,4185.0,0.0,0.0,0.0,0.0,0.0,0.0,0.0,0.0,0.0,0.0
Eintracht Frankfurt,MF,1.0,2.5,3.5,5.5,8.0,0.0,1.5,4.0,7.25,17.0,1.0,1.75,11.5,16.25,36.0,231.0,880.25,1113.0,2351.25,2936.0,19.4,49.8,78.30000000000001,116.975,180.1,12.0,27.25,74.0,121.75,162.0
Elche CF,DF,0.0,0.0,1.0,1.75,5.0,0.0,0.0,1.0,2.0,4.0,0.0,0.25,1.5,2.75,10.0,557.0,925.5,1096.5,1906.5,2712.0,54.7,83.35000000000001,103.1,153.3,289.8,19.0,39.0,52.5,55.5,65.0
Elche CF,FW,6.0,9.0,11.0,14.0,20.0,3.0,3.75,4.5,6.25,10.0,9.0,9.75,10.0,13.0,22.0,823.0,916.0,1153.5,1480.0,1840.0,46.3,69.39999999999999,93.6,139.75,228.7,33.0,37.5,44.5,54.25,67.0
Elche CF,GK,0.0,0.0,0.0,0.0,0.0,0.0,0.0,0.0,0.0,0.0,0.0,0.0,0.0,0.0,0.0,501.0,683.0,865.0,1108.5,1352.0,0.0,0.0,0.0,0.0,0.0,0.0,0.0,0.0,0.0,0.0
Elche CF,MF,0.0,1.0,3.0,4.0,8.0,0.0,1.0,2.0,4.0,7.0,0.0,2.0,4.0,7.0,12.0,502.0,847.0,947.0,1824.0,3220.0,52.4,85.9,109.0,128.6,208.8,23.0,33.0,46.0,66.0,147.0
Empoli,DF,0.0,0.0,1.0,1.25,2.0,0.0,0.0,1.0,1.25,2.0,0.0,1.5,3.0,4.0,7.0,874.0,1022.5,1264.5,1726.75,2879.0,13.3,59.10000000000001,85.0,151.29999999999998,238.9,26.0,26.75,36.0,66.0,98.0
Empoli,FW,7.0,9.0,11.0,14.0,17.0,2.0,2.5,3.0,4.0,5.0,8.0,9.0,10.0,16.5,23.0,800.0,891.0,982.0,1183.0,1384.0,70.2,106.80000000000001,143.4,148.10000000000002,152.8,29.0,31.5,34.0,37.5,41.0
Empoli,GK,0.0,0.0,0.0,0.0,0.0,0.0,0.0,0.0,0.0,0.0,0.0,0.0,0.0,0.0,0.0,724.0,724.0,724.0,724.0,724.0,0.0,0.0,0.0,0.0,0.0,0.0,0.0,0.0,0.0,0.0
Empoli,MF,0.0,0.0,1.0,1.0,2.0,0.0,1.0,2.0,2.0,4.0,0.0,2.0,2.0,6.0,7.0,477.0,540.0,691.0,735.0,1027.0,26.1,40.0,41.2,93.0,103.7,14.0,26.0,35.0,35.0,39.0
Everton,DF,0.0,1.5,2.0,4.5,7.0,1.0,2.5,4.0,5.5,18.0,3.0,5.0,5.0,11.0,28.0,2213.0,2867.0,3344.0,4694.0,6365.0,116.4,204.15,233.4,268.5,273.4,85.0,109.0,132.0,160.5,284.0
Everton,FW,0.0,6.75,13.0,30.5,38.0,0.0,3.0,5.0,7.75,9.0,0.0,5.75,14.0,20.75,30.0,195.0,505.0,1334.5,2226.25,2589.0,67.0,76.325,103.65,136.07500000000002,179.7,13.0,16.75,33.0,49.25,186.0
Everton,GK,0.0,0.0,0.0,0.0,0.0,0.0,0.0,0.0,0.0,0.0,0.0,0.0,0.0,1.0,2.0,716.0,1130.5,1545.0,2916.5,4288.0,0.0,0.0,0.0,0.0,0.0,0.0,0.0,0.0,0.0,0.0
Everton,MF,0.0,1.75,4.0,11.25,21.0,1.0,1.75,5.0,9.75,15.0,2.0,4.0,17.0,22.5,26.0,384.0,1680.0,2350.5,3131.25,5474.0,16.8,76.15,103.65,197.775,236.6,32.0,63.0,98.5,155.25,301.0
FC Augsburg,DF,0.0,1.0,1.0,2.0,12.0,0.0,1.0,1.0,3.0,8.0,1.0,2.0,3.0,4.0,11.0,741.0,1234.0,1704.0,2612.0,4004.0,68.1,95.3,136.8,212.7,288.6,35.0,56.0,72.0,107.0,142.0
FC Augsburg,FW,7.0,10.5,13.0,14.75,25.0,2.0,4.25,5.5,7.5,11.0,6.0,10.25,11.5,14.25,25.0,531.0,859.0,1256.0,1507.5,1607.0,82.1,133.725,146.39999999999998,173.175,242.7,23.0,38.25,51.5,71.5,125.0
FC Augsburg,GK,0.0,0.0,0.0,0.0,0.0,0.0,0.0,0.0,0.0,0.0,1.0,1.0,1.0,1.0,1.0,1720.0,2126.5,2533.0,2939.5,3346.0,0.0,0.0,0.0,0.0,0.0,0.0,0.0,0.0,0.0,0.0
FC Augsburg,MF,0.0,0.0,0.5,1.25,17.0,0.0,1.0,1.0,3.25,11.0,2.0,3.75,5.5,7.5,27.0,508.0,804.0,1782.5,2569.75,4323.0,33.3,90.125,149.1,195.125,211.2,33.0,61.25,76.0,102.0,268.0
FC Barcelona,DF,0.0,2.0,3.0,4.0,7.0,0.0,1.0,2.0,4.0,22.0,0.0,4.0,5.0,9.0,34.0,1895.0,1930.0,2352.0,5926.0,8831.0,66.6,136.8,222.9,231.6,286.2,31.0,51.0,80.0,133.0,246.0
FC Barcelona,FW,11.0,14.5,15.0,29.5,47.0,1.0,5.0,9.0,11.0,26.0,6.0,12.0,25.0,26.5,59.0,842.0,1042.0,1354.0,2797.5,3974.0,70.8,112.9,120.7,160.1,231.7,28.0,31.0,33.0,40.5,61.0
FC Barcelona,GK,0.0,0.0,0.0,0.0,0.0,0.0,0.5,1.0,1.5,2.0,0.0,0.75,1.5,2.25,3.0,1240.0,1952.5,2665.0,3377.5,4090.0,0.0,0.0,0.0,0.0,0.0,0.0,0.25,0.5,0.75,1.0
FC Barcelona,MF,1.0,3.0,3.5,4.75,6.0,3.0,4.25,8.0,11.0,12.0,6.0,11.0,18.5,21.5,27.0,571.0,2571.5,4958.0,5205.5,9008.0,51.9,100.85000000000001,147.45,176.95000000000002,198.7,22.0,57.25,84.0,93.5,273.0
FC Bayern München,DF,1.0,1.5,2.0,3.5,5.0,2.0,3.0,5.0,5.0,10.0,6.0,8.5,13.0,15.0,19.0,1359.0,3535.5,4330.0,5716.0,6504.0,157.8,213.2,265.5,272.25,293.1,40.0,105.5,131.0,153.0,170.0
FC Bayern München,FW,12.0,19.0,21.0,41.0,116.0,1.0,17.0,19.0,20.0,24.0,8.0,37.0,44.0,51.0,60.0,622.0,2323.0,2624.0,2624.0,3418.0,83.4,90.9,152.4,159.2,199.1,32.0,56.0,61.0,76.0,135.0
FC Bayern München,GK,0.0,0.0,0.0,0.0,0.0,0.0,0.0,0.0,0.0,0.0,1.0,1.0,1.0,1.0,1.0,4464.0,4464.0,4464.0,4464.0,4464.0,100.0,100.0,100.0,100.0,100.0,3.0,3.0,3.0,3.0,3.0
FC Bayern München,MF,3.0,3.0,9.0,17.0,30.0,2.0,3.0,5.0,24.5,62.0,7.0,8.5,13.0,52.0,91.0,759.0,1179.0,3747.0,4477.0,8956.0,46.9,99.4,161.6,188.60000000000002,220.9,35.0,44.5,129.0,174.0,177.0
FC Girondins de Bordeaux,DF,0.0,1.0,1.0,2.0,11.0,0.0,1.0,1.0,2.0,4.0,0.0,1.0,3.0,4.0,14.0,494.0,1236.0,2524.0,3355.0,4083.0,41.1,103.8,120.4,225.6,258.1,21.0,49.0,58.0,87.0,153.0
FC Girondins de Bordeaux,FW,9.0,15.0,20.0,23.25,24.0,4.0,4.75,6.0,7.0,7.0,10.0,11.5,12.5,13.5,15.0,1037.0,1073.75,1185.0,1343.0,1520.0,104.6,109.55000000000001,125.5,143.20000000000002,153.4,18.0,32.25,39.5,57.5,104.0
FC Girondins de Bordeaux,GK,0.0,0.0,0.0,0.0,0.0,0.0,0.0,0.0,0.0,0.0,0.0,0.0,0.0,0.0,0.0,4004.0,4004.0,4004.0,4004.0,4004.0,0.0,0.0,0.0,0.0,0.0,0.0,0.0,0.0,0.0,0.0
FC Girondins de Bordeaux,MF,0.0,1.0,2.0,4.5,21.0,1.0,1.5,3.0,5.5,14.0,2.0,4.0,5.0,12.0,25.0,598.0,781.5,1816.0,2621.0,5021.0,39.0,68.7,130.8,161.0,218.0,19.0,28.0,39.0,91.0,302.0
FC Lorient,DF,0.0,0.25,1.0,1.75,2.0,0.0,0.0,0.0,0.0,0.0,0.0,1.0,1.0,2.5,3.0,620.0,1109.75,1670.0,2149.25,3124.0,52.6,76.6,96.9,121.77499999999999,177.6,28.0,54.25,74.0,78.75,99.0
FC Lorient,FW,2.0,4.25,6.0,9.25,16.0,0.0,2.25,4.0,5.0,5.0,2.0,5.0,9.0,12.5,14.0,323.0,326.75,512.0,727.75,823.0,56.6,62.974999999999994,66.1,71.32499999999999,84.0,11.0,11.75,13.5,21.0,39.0
FC Lorient,GK,0.0,0.0,0.0,0.0,0.0,0.0,0.0,0.0,0.0,0.0,0.0,0.25,0.5,0.75,1.0,361.0,547.75,734.5,921.25,1108.0,0.0,0.0,0.0,0.0,0.0,0.0,0.0,0.0,0.0,0.0
FC Lorient,MF,0.0,1.0,3.0,3.0,4.0,1.0,2.0,2.0,3.0,6.0,1.0,5.0,9.0,10.0,12.0,1232.0,1473.0,2045.0,2400.0,3376.0,28.7,71.3,101.5,109.7,233.2,58.0,85.0,103.0,160.0,214.0
FC Metz,DF,0.0,0.5,2.0,3.0,5.0,0.0,0.5,2.0,3.5,4.0,0.0,1.5,3.0,5.5,12.0,405.0,1222.0,1937.0,2425.0,3782.0,61.4,77.30000000000001,139.2,160.65,183.1,21.0,87.5,103.0,109.5,237.0
FC Metz,FW,10.0,10.0,10.5,11.75,14.0,0.0,0.75,3.0,6.25,10.0,4.0,6.25,10.0,16.25,26.0,649.0,706.0,825.0,1293.0,2397.0,106.0,112.15,122.94999999999999,149.52499999999998,203.0,17.0,17.75,49.0,86.5,106.0
FC Metz,GK,0.0,0.0,0.0,0.0,0.0,0.0,0.0,0.0,0.0,0.0,0.0,0.25,0.5,0.75,1.0,671.0,1101.5,1532.0,1962.5,2393.0,0.0,0.0,0.0,0.0,0.0,0.0,0.0,0.0,0.0,0.0
FC Metz,MF,0.0,0.0,3.0,3.5,11.0,0.0,1.0,4.0,5.0,10.0,0.0,4.5,7.0,13.0,20.0,715.0,1456.5,1524.0,1951.5,3234.0,58.6,97.25,117.7,198.95,309.5,28.0,56.5,65.0,103.5,219.0
FC Nantes,DF,0.0,0.0,0.0,2.0,4.0,0.0,0.0,1.0,2.5,4.0,0.0,1.5,3.0,5.0,6.0,702.0,1808.5,2289.0,2664.0,3860.0,93.7,157.4,194.7,228.15,240.6,21.0,78.5,152.0,190.5,240.0
FC Nantes,FW,0.0,1.75,8.0,13.5,16.0,1.0,2.75,4.0,4.5,17.0,4.0,5.75,8.5,14.0,23.0,362.0,815.25,1175.5,1464.0,2169.0,27.3,67.80000000000001,85.3,127.12499999999999,215.9,10.0,29.5,44.5,65.5,101.0
FC Nantes,GK,0.0,0.0,0.0,0.0,0.0,0.0,0.0,0.0,0.0,0.0,0.0,0.0,0.0,0.0,0.0,3549.0,3549.0,3549.0,3549.0,3549.0,0.0,0.0,0.0,0.0,0.0,0.0,0.0,0.0,0.0,0.0
FC Nantes,MF,2.0,2.5,5.5,10.75,23.0,1.0,2.25,3.0,4.5,12.0,4.0,5.25,6.5,15.25,28.0,1284.0,2224.5,2926.0,3757.25,4128.0,94.8,121.775,132.25,201.45000000000002,233.6,66.0,75.75,122.5,161.75,283.0
Fiorentina,DF,0.0,0.0,1.5,5.0,12.0,0.0,1.0,2.0,2.0,15.0,1.0,1.25,3.5,7.25,30.0,740.0,1397.25,1920.5,2735.0,6148.0,67.0,89.975,115.75,186.40000000000003,298.4,18.0,54.0,72.0,85.25,217.0
Fiorentina,FW,2.0,6.0,8.0,11.5,43.0,1.0,4.0,9.0,9.5,20.0,4.0,14.5,19.0,21.0,34.0,441.0,1074.0,1531.0,1631.0,3722.0,38.9,124.6,147.6,181.9,381.2,17.0,19.0,30.0,61.5,73.0
Fiorentina,GK,0.0,0.0,0.0,0.0,0.0,0.0,0.25,0.5,0.75,1.0,1.0,1.5,2.0,2.5,3.0,1254.0,1634.5,2015.0,2395.5,2776.0,0.0,0.0,0.0,0.0,0.0,0.0,0.0,0.0,0.0,0.0
Fiorentina,MF,1.0,2.0,5.0,8.0,14.0,0.0,1.0,4.0,10.0,13.0,0.0,7.0,14.0,22.0,30.0,813.0,2052.0,2798.0,3293.0,4692.0,84.9,100.7,164.9,178.6,231.6,31.0,51.0,104.0,132.0,197.0
Frosinone,DF,0.0,0.0,0.0,0.0,2.0,0.0,0.0,0.0,0.75,3.0,0.0,0.0,0.5,1.75,8.0,424.0,569.0,776.0,1057.25,1172.0,37.5,44.375,51.5,58.25,64.1,18.0,21.75,28.0,38.0,60.0
Frosinone,FW,0.0,2.5,5.0,6.0,7.0,2.0,2.5,3.0,3.5,4.0,3.0,3.5,4.0,5.0,6.0,270.0,305.5,341.0,662.0,983.0,19.4,20.4,21.4,33.849999999999994,46.3,9.0,10.0,11.0,22.0,33.0
Frosinone,MF,0.0,0.5,1.0,1.5,2.0,0.0,0.0,0.0,0.5,1.0,1.0,1.5,2.0,2.0,2.0,292.0,616.5,941.0,1090.0,1239.0,26.2,39.2,52.2,98.30000000000001,144.4,28.0,39.0,50.0,53.5,57.0
Fulham,DF,0.0,0.0,0.0,0.0,1.0,0.0,0.0,1.0,1.0,5.0,0.0,1.0,2.0,2.0,8.0,471.0,1291.0,1466.0,1701.0,2510.0,56.9,62.5,102.6,106.3,134.5,14.0,41.0,48.0,86.0,126.0
Fulham,FW,4.0,5.25,6.0,10.5,14.0,0.0,0.25,1.5,2.75,6.0,1.0,3.0,3.5,4.75,14.0,515.0,540.0,608.5,1046.75,1419.0,39.1,51.425000000000004,82.0,96.75,132.6,10.0,17.5,22.5,26.75,38.0
Fulham,GK,0.0,0.0,0.0,0.0,0.0,0.0,0.0,0.0,0.0,0.0,0.0,0.0,0.0,0.0,0.0,1702.0,1702.0,1702.0,1702.0,1702.0,0.0,0.0,0.0,0.0,0.0,1.0,1.0,1.0,1.0,1.0
Fulham,MF,0.0,1.0,2.0,6.0,10.0,2.0,2.0,2.0,3.0,4.0,3.0,5.0,7.0,9.0,11.0,1155.0,1307.5,1460.0,1750.0,2040.0,50.0,55.6,61.2,64.9,68.6,45.0,46.0,47.0,57.5,68.0
Genoa,DF,0.0,0.0,1.0,3.0,16.0,0.0,1.0,2.0,3.5,10.0,0.0,2.0,4.0,7.0,13.0,607.0,1380.5,2132.0,3531.0,4824.0,37.9,94.4,189.5,236.55,301.2,10.0,57.0,89.0,118.0,256.0
Genoa,FW,20.0,21.0,22.0,24.0,26.0,2.0,4.0,6.0,6.5,7.0,5.0,13.0,21.0,22.0,23.0,553.0,822.0,1091.0,1351.0,1611.0,89.5,127.6,165.7,171.7,177.7,20.0,30.0,40.0,51.0,62.0
Genoa,GK,0.0,0.0,0.0,0.0,0.0,0.0,0.0,0.0,0.0,0.0,0.0,0.0,0.0,0.0,0.0,3945.0,3945.0,3945.0,3945.0,3945.0,0.0,0.0,0.0,0.0,0.0,0.0,0.0,0.0,0.0,0.0
Genoa,MF,0.0,1.0,2.0,3.5,8.0,0.0,1.5,3.0,4.5,7.0,1.0,4.0,8.0,10.5,16.0,507.0,1231.5,1646.0,2209.5,4176.0,47.7,56.35,153.8,193.75,207.6,18.0,52.5,81.0,135.0,161.0
Getafe CF,DF,0.0,0.25,1.5,2.75,4.0,0.0,0.0,1.0,1.75,10.0,0.0,2.0,3.0,7.25,24.0,309.0,761.0,2120.0,3420.75,5566.0,64.9,169.14999999999998,216.75,244.75,309.0,13.0,48.0,81.0,177.25,273.0
Getafe CF,FW,5.0,8.75,15.5,23.5,31.0,2.0,5.75,8.0,9.0,9.0,7.0,13.0,16.5,19.0,22.0,1304.0,1667.0,2007.5,2803.75,4534.0,125.2,150.4,166.35000000000002,174.525,176.4,53.0,57.5,70.5,119.5,232.0
Getafe CF,GK,0.0,0.0,0.0,0.0,0.0,0.0,0.0,0.0,0.0,0.0,1.0,1.0,1.0,1.0,1.0,3618.0,3618.0,3618.0,3618.0,3618.0,0.0,0.0,0.0,0.0,0.0,0.0,0.0,0.0,0.0,0.0
Getafe CF,MF,1.0,2.5,4.0,5.0,8.0,0.0,2.0,4.0,6.0,8.0,0.0,6.5,8.0,13.0,15.0,674.0,1214.0,2260.0,2547.5,3420.0,31.8,97.80000000000001,153.1,200.55,287.4,27.0,42.5,57.0,88.5,263.0
Girona,DF,0.0,0.0,0.0,0.0,0.0,0.0,0.0,0.0,0.0,0.0,0.0,0.0,0.0,0.0,0.0,887.0,1044.0,1201.0,1358.0,1515.0,56.4,60.099999999999994,63.8,67.5,71.2,41.0,41.0,41.0,41.0,41.0
Girona,FW,19.0,19.0,19.0,19.0,19.0,0.0,0.0,0.0,0.0,0.0,8.0,8.0,8.0,8.0,8.0,501.0,501.0,501.0,501.0,501.0,49.0,49.0,49.0,49.0,49.0,23.0,23.0,23.0,23.0,23.0
Girona,MF,0.0,0.0,0.0,0.0,0.0,4.0,4.0,4.0,4.0,4.0,7.0,7.0,7.0,7.0,7.0,1520.0,1520.0,1520.0,1520.0,1520.0,47.9,47.9,47.9,47.9,47.9,63.0,63.0,63.0,63.0,63.0
Granada CF,DF,0.0,0.0,1.0,2.0,7.0,0.0,1.0,1.0,2.0,7.0,0.0,2.0,2.0,6.0,11.0,488.0,1204.0,2097.0,2215.0,2369.0,67.9,146.8,163.5,181.0,240.6,22.0,54.0,79.0,98.0,112.0
Granada CF,FW,6.0,8.25,11.0,18.0,33.0,3.0,3.0,5.0,8.0,11.0,10.0,10.0,10.5,15.0,27.0,590.0,646.25,865.0,1306.25,2030.0,53.9,89.67499999999998,132.85,165.75,170.7,22.0,31.0,35.5,46.25,74.0
Granada CF,GK,0.0,0.0,0.0,0.0,0.0,0.0,0.0,0.0,0.0,0.0,0.0,0.0,0.0,0.0,0.0,404.0,420.25,436.5,452.75,469.0,0.0,0.0,0.0,0.0,0.0,0.0,0.0,0.0,0.0,0.0
Granada CF,MF,0.0,2.0,2.0,10.0,13.0,0.0,1.0,3.0,9.0,12.0,1.0,2.0,7.0,19.0,24.0,432.0,832.0,1484.0,1787.0,3145.0,66.6,110.0,117.3,175.1,243.3,20.0,36.0,62.0,76.0,171.0
Guingamp,DF,0.0,0.0,0.0,1.0,3.0,0.0,0.0,0.0,0.0,8.0,0.0,0.0,1.0,1.0,8.0,803.0,860.0,1005.0,1005.0,2095.0,33.3,37.5,51.5,54.5,67.8,40.0,46.0,47.0,51.0,63.0
Guingamp,GK,0.0,0.0,0.0,0.0,0.0,0.0,0.0,0.0,0.0,0.0,0.0,0.0,0.0,0.0,0.0,480.0,480.0,480.0,480.0,480.0,0.0,0.0,0.0,0.0,0.0,0.0,0.0,0.0,0.0,0.0
Guingamp,MF,0.0,0.5,1.0,2.0,3.0,0.0,0.5,1.0,1.0,1.0,1.0,2.0,3.0,3.5,4.0,911.0,966.5,1022.0,1127.0,1232.0,24.4,33.849999999999994,43.3,45.05,46.8,37.0,41.0,45.0,54.0,63.0
Hannover 96,DF,0.0,0.0,0.0,0.0,1.0,0.0,0.0,0.0,0.0,3.0,0.0,0.0,0.0,3.0,4.0,539.0,755.0,867.0,972.0,1032.0,20.0,33.3,40.0,42.9,62.2,25.0,28.0,30.0,40.0,50.0
Hannover 96,FW,3.0,3.75,4.5,5.25,6.0,1.0,1.0,1.0,1.0,1.0,2.0,2.25,2.5,2.75,3.0,318.0,345.25,372.5,399.75,427.0,47.2,48.25000000000001,49.3,50.349999999999994,51.4,12.0,13.5,15.0,16.5,18.0
Hannover 96,MF,0.0,0.75,1.0,2.0,5.0,0.0,0.0,0.5,1.5,3.0,0.0,1.5,2.0,2.5,4.0,315.0,383.25,461.0,685.75,1195.0,6.7,21.7,39.75,52.87499999999999,53.1,19.0,23.5,29.0,39.0,57.0
Hellas Verona,DF,0.0,0.0,0.5,3.0,11.0,0.0,0.0,1.0,5.0,20.0,0.0,1.75,2.0,7.75,39.0,491.0,1522.5,2178.5,3482.0,4836.0,52.2,138.57500000000002,181.6,270.32500000000005,396.3,22.0,53.5,81.0,97.5,177.0
Hellas Verona,FW,8.0,9.0,12.0,14.0,20.0,0.0,1.0,3.0,5.0,7.0,5.0,6.0,6.0,18.0,21.0,520.0,539.0,757.0,1529.0,2947.0,60.7,133.8,158.4,170.3,255.4,7.0,8.0,32.0,54.0,92.0
Hellas Verona,GK,0.0,0.0,0.0,0.0,0.0,0.0,0.0,0.0,0.0,0.0,0.0,0.0,0.0,0.0,0.0,1732.0,1732.0,1732.0,1732.0,1732.0,0.0,0.0,0.0,0.0,0.0,0.0,0.0,0.0,0.0,0.0
Hellas Verona,MF,0.0,2.25,3.5,4.75,20.0,1.0,3.0,4.0,8.0,12.0,2.0,7.75,10.5,13.25,29.0,1476.0,1653.5,1967.5,3316.5,3870.0,58.4,94.19999999999999,128.8,202.925,244.0,47.0,71.0,73.0,120.0,159.0
Hertha BSC,DF,0.0,0.0,1.0,3.0,5.0,0.0,1.0,1.0,2.0,9.0,0.0,2.0,2.0,8.0,17.0,746.0,1308.0,2027.0,2806.0,4117.0,61.8,123.3,211.9,212.6,272.1,28.0,52.0,61.0,80.0,168.0
Hertha BSC,FW,0.0,5.0,9.0,17.0,38.0,0.0,2.0,6.0,7.0,10.0,2.0,10.0,13.0,16.0,23.0,543.0,757.0,1125.0,1369.0,3468.0,46.5,92.8,155.1,182.2,266.5,17.0,25.0,34.0,49.0,221.0
Hertha BSC,GK,0.0,0.0,0.0,0.0,0.0,0.0,0.25,0.5,0.75,1.0,0.0,0.25,0.5,0.75,1.0,2452.0,2780.5,3109.0,3437.5,3766.0,0.0,0.0,0.0,0.0,0.0,0.0,0.0,0.0,0.0,0.0
Hertha BSC,MF,0.0,1.75,3.5,6.0,12.0,1.0,1.0,2.0,3.25,15.0,3.0,5.0,6.0,9.75,21.0,772.0,1190.75,1967.0,2544.75,3078.0,92.8,134.14999999999998,170.25,197.07500000000002,212.7,15.0,69.25,114.5,193.0,221.0
Huddersfield,DF,0.0,0.0,0.0,0.25,1.0,0.0,0.0,0.0,0.5,2.0,0.0,0.75,1.0,1.5,3.0,615.0,886.5,1031.5,1185.75,1485.0,42.3,47.400000000000006,50.25,53.474999999999994,59.7,24.0,29.25,33.5,45.75,75.0
Huddersfield,FW,0.0,0.0,0.0,0.0,0.0,0.0,0.0,0.0,0.0,0.0,0.0,0.0,0.0,0.0,0.0,311.0,311.0,311.0,311.0,311.0,46.5,46.5,46.5,46.5,46.5,25.0,25.0,25.0,25.0,25.0
Huddersfield,GK,0.0,0.0,0.0,0.0,0.0,1.0,1.0,1.0,1.0,1.0,1.0,1.0,1.0,1.0,1.0,1112.0,1112.0,1112.0,1112.0,1112.0,66.7,66.7,66.7,66.7,66.7,0.0,0.0,0.0,0.0,0.0
Huddersfield,MF,0.0,0.5,1.0,1.5,2.0,0.0,0.0,0.0,0.5,1.0,0.0,0.5,1.0,3.0,5.0,761.0,870.5,980.0,1263.0,1546.0,28.9,36.15,43.4,45.3,47.2,32.0,36.0,40.0,62.0,84.0
Huesca,DF,0.0,0.0,1.5,3.25,4.0,0.0,0.0,1.0,2.25,3.0,1.0,3.25,4.0,4.5,6.0,915.0,982.5,1851.0,3050.75,4112.0,91.9,105.32499999999999,113.05,139.25,208.1,36.0,44.25,76.5,115.75,145.0
Huesca,FW,1.0,1.0,1.0,1.0,1.0,2.0,2.0,2.0,2.0,2.0,3.0,3.0,3.0,3.0,3.0,271.0,271.0,271.0,271.0,271.0,63.2,63.2,63.2,63.2,63.2,12.0,12.0,12.0,12.0,12.0
Huesca,GK,0.0,0.0,0.0,0.0,0.0,0.0,0.0,0.0,0.5,1.0,0.0,0.5,1.0,1.0,1.0,335.0,460.5,586.0,745.5,905.0,0.0,0.0,0.0,50.0,100.0,0.0,0.0,0.0,0.0,0.0
Huesca,MF,0.0,0.25,1.0,1.75,3.0,0.0,0.25,2.0,3.75,7.0,1.0,2.25,4.5,6.75,15.0,778.0,909.0,1102.5,1736.25,2129.0,39.4,48.574999999999996,57.150000000000006,70.075,87.8,27.0,44.0,53.0,56.0,67.0
Inter,DF,0.0,3.5,6.0,9.5,20.0,0.0,1.5,4.5,5.75,10.0,0.0,4.0,10.0,13.75,28.0,821.0,2897.25,3568.0,5085.0,7530.0,60.7,211.5,232.25,251.95,299.2,16.0,85.0,107.0,132.75,184.0
Inter,FW,14.0,23.0,33.0,42.0,48.0,12.0,12.75,15.5,18.0,18.0,37.0,38.5,43.5,49.5,54.0,1543.0,1578.25,2009.5,2437.75,2464.0,112.7,128.22500000000002,137.10000000000002,166.875,245.1,43.0,46.0,50.0,55.0,61.0
Inter,GK,0.0,0.0,0.0,0.0,0.0,0.0,0.25,0.5,0.75,1.0,2.0,2.25,2.5,2.75,3.0,1673.0,2235.0,2797.0,3359.0,3921.0,0.0,0.0,0.0,0.0,0.0,0.0,0.0,0.0,0.0,0.0
Inter,MF,1.0,6.25,10.0,13.75,22.0,2.0,5.25,10.5,15.5,31.0,4.0,17.25,22.5,33.0,57.0,743.0,2511.25,3378.0,5523.5,8394.0,33.3,138.675,175.0,194.54999999999998,232.3,24.0,86.0,110.0,182.25,276.0
Juventus,DF,0.0,2.0,4.0,6.0,11.0,0.0,1.0,2.0,6.0,17.0,2.0,6.0,7.0,12.0,33.0,1826.0,2661.0,4021.0,5865.0,6011.0,198.1,222.3,232.7,264.2,356.3,48.0,84.0,91.0,131.0,169.0
Juventus,FW,3.0,16.5,23.0,32.0,88.0,2.0,7.0,13.0,14.5,17.0,6.0,12.5,25.0,37.0,53.0,662.0,1614.0,2205.0,3100.5,4059.0,75.7,98.55,167.5,186.8,243.7,19.0,31.0,54.0,64.5,90.0
Juventus,GK,0.0,0.0,0.0,0.0,0.0,0.0,0.0,0.0,0.5,1.0,0.0,0.5,1.0,2.0,3.0,918.0,1564.5,2211.0,2577.5,2944.0,0.0,0.0,0.0,50.0,100.0,0.0,0.0,0.0,0.5,1.0
Juventus,MF,2.0,3.0,7.0,9.0,27.0,4.0,5.0,6.0,12.0,19.0,10.0,11.0,19.0,29.0,48.0,1052.0,2387.0,2994.0,4136.0,7088.0,41.1,110.2,130.6,221.0,245.3,16.0,89.0,139.0,191.0,242.0
LOSC Lille,DF,0.0,0.5,1.0,2.5,7.0,0.0,0.5,2.0,3.5,9.0,1.0,2.0,5.0,7.0,24.0,952.0,1840.0,3003.0,4370.0,6873.0,114.1,128.4,170.8,221.95,289.7,36.0,65.5,68.0,143.0,272.0
LOSC Lille,FW,14.0,16.5,19.0,21.5,24.0,2.0,2.0,2.0,5.0,8.0,8.0,9.5,11.0,12.5,14.0,442.0,645.5,849.0,865.0,881.0,55.0,66.1,77.2,78.9,80.6,9.0,9.0,9.0,21.5,34.0
LOSC Lille,GK,0.0,0.0,0.0,0.0,0.0,0.0,0.0,0.0,0.0,0.0,0.0,0.0,0.0,0.0,0.0,477.0,477.0,477.0,477.0,477.0,0.0,0.0,0.0,0.0,0.0,0.0,0.0,0.0,0.0,0.0
LOSC Lille,MF,4.0,5.5,7.5,9.5,20.0,2.0,3.75,5.5,11.0,20.0,6.0,10.25,14.5,23.5,44.0,600.0,1227.75,2817.5,3334.75,5699.0,71.5,113.125,146.25,186.25,242.8,29.0,67.5,79.0,109.25,348.0
Lazio,DF,0.0,0.75,2.0,4.25,7.0,0.0,0.75,3.5,5.0,16.0,0.0,5.75,8.5,12.25,30.0,751.0,2113.25,3429.0,4194.5,7003.0,53.3,168.075,198.64999999999998,213.725,274.8,16.0,80.75,119.5,136.75,173.0
Lazio,FW,11.0,12.5,16.5,36.0,84.0,8.0,11.0,12.0,14.75,23.0,26.0,27.5,31.0,40.75,61.0,2023.0,2611.0,2982.5,3233.75,3461.0,78.7,84.55,101.8,144.125,225.2,40.0,59.5,78.5,109.5,165.0
Lazio,GK,0.0,0.0,0.0,0.0,0.0,0.0,0.25,0.5,0.75,1.0,1.0,1.0,1.0,1.0,1.0,2191.0,2332.75,2474.5,2616.25,2758.0,0.0,0.0,0.0,0.0,0.0,1.0,1.0,1.0,1.0,1.0
Lazio,MF,0.0,3.5,4.0,14.0,25.0,1.0,3.0,6.0,14.0,28.0,4.0,8.5,10.0,28.0,48.0,1421.0,1927.0,2821.0,5259.5,6570.0,69.7,151.95,183.3,222.2,246.5,35.0,81.5,119.0,197.5,257.0
Lecce,DF,0.0,0.75,2.0,3.0,3.0,0.0,0.0,1.0,2.0,2.0,1.0,2.5,4.0,5.5,7.0,1122.0,1293.75,1460.5,1642.0,1858.0,42.9,53.324999999999996,75.05,95.94999999999999,103.9,40.0,43.75,45.0,45.0,45.0
Lecce,FW,4.0,5.5,7.0,8.5,10.0,2.0,3.0,4.0,5.0,6.0,13.0,13.25,13.5,13.75,14.0,609.0,709.75,810.5,911.25,1012.0,13.0,27.775,42.55,57.324999999999996,72.1,19.0,20.5,22.0,23.5,25.0
Lecce,GK,0.0,0.0,0.0,0.0,0.0,0.0,0.0,0.0,0.0,0.0,0.0,0.0,0.0,0.0,0.0,979.0,979.0,979.0,979.0,979.0,0.0,0.0,0.0,0.0,0.0,0.0,0.0,0.0,0.0,0.0
Lecce,MF,0.0,1.0,1.0,1.0,14.0,0.0,1.0,1.0,2.0,2.0,1.0,4.0,4.0,4.0,5.0,353.0,746.0,813.0,908.0,1200.0,39.0,41.7,47.8,70.8,80.4,16.0,18.0,27.0,34.0,61.0
Leeds United,DF,1.0,1.0,2.0,4.0,8.0,0.0,1.0,1.0,3.0,6.0,3.0,3.5,5.0,7.0,9.0,1630.0,2074.5,2688.0,3172.0,4064.0,50.0,98.35,103.4,183.35000000000002,300.2,82.0,87.0,105.0,121.5,133.0
Leeds United,FW,7.0,10.0,13.0,16.0,19.0,8.0,8.25,8.5,8.75,9.0,14.0,15.5,17.0,18.5,20.0,594.0,794.0,994.0,1194.0,1394.0,63.5,68.4,73.3,78.19999999999999,83.1,28.0,35.5,43.0,50.5,58.0
Leeds United,GK,0.0,0.0,0.0,0.0,0.0,0.0,0.0,0.0,0.0,0.0,1.0,1.0,1.0,1.0,1.0,2054.0,2054.0,2054.0,2054.0,2054.0,0.0,0.0,0.0,0.0,0.0,0.0,0.0,0.0,0.0,0.0
Leeds United,MF,1.0,2.0,3.5,7.25,20.0,0.0,3.0,4.5,8.25,15.0,3.0,4.0,10.0,16.75,29.0,723.0,1673.5,1997.0,2379.0,3205.0,44.7,73.625,86.4,135.10000000000002,257.9,31.0,71.5,92.0,101.25,112.0
Leganés,DF,0.0,0.0,0.5,1.0,3.0,0.0,0.0,1.0,2.0,3.0,0.0,0.5,2.5,3.75,8.0,764.0,961.0,1597.5,1958.75,2298.0,51.0,96.95000000000002,110.55,120.69999999999999,126.2,37.0,44.0,70.5,82.0,120.0
Leganés,GK,0.0,0.0,0.0,0.0,0.0,0.0,0.0,0.0,0.0,0.0,0.0,0.0,0.0,0.0,0.0,442.0,800.0,1158.0,1516.0,1874.0,0.0,0.0,0.0,0.0,0.0,0.0,0.0,0.0,0.0,0.0
Leganés,MF,0.0,0.5,1.0,1.5,2.0,0.0,0.0,0.0,0.5,1.0,0.0,0.5,1.0,3.5,6.0,509.0,680.0,851.0,1687.5,2524.0,55.3,78.69999999999999,102.1,105.15,108.2,14.0,26.5,39.0,87.5,136.0
Leicester City,DF,0.0,1.0,2.5,4.25,7.0,0.0,0.0,1.5,2.5,11.0,0.0,0.75,5.0,9.5,29.0,1132.0,1363.25,2836.0,4585.75,5639.0,74.6,149.825,177.05,237.40000000000003,273.8,34.0,37.75,103.0,160.75,312.0
Leicester City,FW,4.0,8.25,18.5,21.25,65.0,6.0,9.25,10.0,14.5,19.0,15.0,20.0,23.0,28.25,44.0,1214.0,1607.0,1927.5,2124.25,2328.0,75.0,106.425,138.55,157.7,163.4,33.0,55.0,71.5,107.5,139.0
Leicester City,GK,0.0,0.0,0.0,0.0,0.0,0.0,0.0,0.0,0.0,0.0,0.0,0.0,0.0,0.0,0.0,4243.0,4243.0,4243.0,4243.0,4243.0,50.0,50.0,50.0,50.0,50.0,0.0,0.0,0.0,0.0,0.0
Leicester City,MF,0.0,1.0,3.0,17.75,25.0,1.0,1.5,4.0,14.0,18.0,2.0,5.25,13.5,33.0,43.0,1001.0,2489.75,3947.0,5428.25,6704.0,84.8,174.77499999999998,224.7,237.42499999999998,260.2,58.0,87.5,136.5,205.75,453.0
Levante Unión Deportiva,DF,0.0,1.0,2.0,2.5,5.0,0.0,0.5,1.0,3.5,6.0,1.0,2.0,4.0,8.5,13.0,647.0,2017.5,2315.0,3441.0,4071.0,63.6,138.6,187.3,241.10000000000002,382.1,21.0,53.5,84.0,121.5,188.0
Levante Unión Deportiva,FW,2.0,3.0,16.0,34.0,39.0,1.0,3.0,5.0,6.0,11.0,6.0,8.0,11.0,15.0,36.0,351.0,416.0,1012.0,1565.0,2656.0,36.0,76.6,84.0,101.6,151.4,7.0,15.0,29.0,59.0,68.0
Levante Unión Deportiva,GK,0.0,0.0,0.0,0.0,0.0,0.0,0.0,0.0,0.0,0.0,0.0,0.0,0.0,0.0,0.0,546.0,1095.25,1644.5,2193.75,2743.0,0.0,0.0,0.0,0.0,0.0,0.0,0.25,0.5,0.75,1.0
Levante Unión Deportiva,MF,0.0,1.0,6.0,10.5,14.0,1.0,2.0,5.0,11.0,18.0,2.0,5.0,13.0,23.5,29.0,1067.0,1482.5,1835.0,2943.0,5122.0,61.9,76.25,178.3,190.60000000000002,246.6,62.0,81.0,87.0,113.5,143.0
Liverpool,DF,0.0,1.0,2.5,5.25,11.0,0.0,1.0,1.5,11.75,40.0,1.0,4.5,5.5,26.5,64.0,1058.0,2066.5,3334.5,8095.75,10014.0,72.5,133.3,244.45,301.55,304.8,18.0,45.0,78.0,111.0,209.0
Liverpool,FW,4.0,15.25,34.5,52.25,78.0,0.0,3.25,11.5,21.25,32.0,2.0,9.75,37.5,49.5,66.0,409.0,1019.75,3236.0,4004.0,4064.0,82.5,112.67500000000001,121.8,170.67499999999998,197.4,14.0,37.25,85.0,113.25,157.0
Liverpool,GK,0.0,0.25,0.5,0.75,1.0,0.0,0.25,0.5,0.75,1.0,0.0,0.75,1.5,2.25,3.0,413.0,1298.25,2183.5,3068.75,3954.0,0.0,25.0,50.0,75.0,100.0,0.0,0.0,0.0,0.0,0.0
Liverpool,MF,3.0,4.5,6.0,7.0,8.0,3.0,4.0,6.0,7.5,12.0,7.0,10.0,14.0,17.5,22.0,1173.0,1830.5,3730.0,6224.5,6732.0,99.9,129.7,213.2,225.55,238.1,29.0,65.5,103.0,190.0,234.0
Manchester City,DF,0.0,2.0,3.0,4.75,8.0,0.0,0.25,2.5,6.25,10.0,1.0,3.0,6.0,14.75,29.0,1210.0,3094.75,4252.0,5932.75,7696.0,70.2,148.075,206.45,256.67499999999995,304.4,14.0,55.5,70.0,102.75,211.0
Manchester City,FW,15.0,16.75,25.0,31.75,52.0,9.0,12.0,18.0,20.25,22.0,20.0,32.5,40.5,50.0,59.0,1603.0,2100.25,2685.0,3479.75,4070.0,82.1,96.6,102.5,138.25,170.0,53.0,58.5,69.5,70.75,101.0
Manchester City,GK,0.0,0.0,0.0,0.0,0.0,0.0,0.5,1.0,1.5,2.0,1.0,1.5,2.0,2.5,3.0,686.0,1453.5,2221.0,2988.5,3756.0,0.0,0.0,0.0,0.0,0.0,0.0,0.5,1.0,1.5,2.0
Manchester City,MF,2.0,10.0,22.0,24.0,25.0,6.0,6.0,9.0,21.0,34.0,14.0,17.0,29.0,41.0,59.0,4967.0,5526.0,5647.0,6418.0,8496.0,118.9,146.7,231.7,234.3,282.8,83.0,109.0,150.0,158.0,293.0
Manchester United,DF,0.0,0.0,2.0,3.0,7.0,0.0,2.0,2.0,4.0,11.0,1.0,3.0,6.0,9.0,26.0,805.0,967.0,5448.0,6022.0,7003.0,99.8,197.0,267.7,299.0,341.3,29.0,35.0,98.0,120.0,401.0
Manchester United,FW,4.0,18.5,32.0,35.5,40.0,4.0,6.0,9.0,17.0,41.0,14.0,16.5,26.0,43.0,90.0,908.0,1598.0,1911.0,2579.5,4917.0,12.9,54.55,105.4,142.45,181.0,16.0,34.0,49.0,52.5,55.0
Manchester United,GK,0.0,0.0,0.0,0.0,0.0,0.0,0.0,0.0,0.0,0.0,0.0,0.5,1.0,1.5,2.0,1349.0,1761.75,2174.5,2587.25,3000.0,0.0,25.0,50.0,75.0,100.0,0.0,0.25,0.5,0.75,1.0
Manchester United,MF,1.0,4.0,10.0,17.0,31.0,2.0,2.0,4.0,22.0,22.0,8.0,11.0,12.0,40.0,44.0,3203.0,3975.0,4374.0,4933.0,4947.0,92.1,169.5,241.9,247.9,252.3,106.0,116.0,135.0,142.0,238.0
Milan,DF,0.0,0.0,1.0,5.0,15.0,0.0,0.0,1.5,4.25,14.0,0.0,1.75,3.5,12.25,34.0,804.0,950.25,3056.5,4260.5,5769.0,58.8,112.75,185.7,273.55,291.5,16.0,49.0,108.0,151.5,241.0
Milan,FW,4.0,8.5,14.5,26.0,32.0,4.0,4.75,6.0,9.0,13.0,9.0,13.25,14.0,22.75,35.0,673.0,1259.0,1509.5,1606.25,1751.0,62.7,98.57500000000002,141.35000000000002,171.07500000000002,211.6,11.0,31.75,58.5,74.5,85.0
Milan,GK,0.0,0.0,0.0,0.0,0.0,0.0,0.0,0.0,0.0,0.0,1.0,1.0,1.0,1.0,1.0,1120.0,1671.0,2222.0,2773.0,3324.0,0.0,25.0,50.0,75.0,100.0,0.0,0.0,0.0,0.0,0.0
Milan,MF,1.0,3.0,4.0,6.0,28.0,1.0,4.0,7.0,8.0,11.0,3.0,11.0,17.0,20.0,22.0,666.0,1263.0,2772.0,3693.0,6205.0,34.6,99.4,180.4,209.0,241.7,23.0,67.0,102.0,209.0,247.0
Montpellier HSC,DF,0.0,1.0,3.0,3.0,4.0,0.0,1.0,2.0,5.0,8.0,0.0,4.0,7.0,7.0,18.0,1960.0,2312.0,2458.0,2837.0,3921.0,124.5,130.8,192.3,198.6,207.8,64.0,96.0,98.0,127.0,165.0
Montpellier HSC,FW,17.0,18.5,19.0,25.5,45.0,3.0,6.75,11.0,15.75,21.0,10.0,13.0,23.0,33.75,39.0,1225.0,1453.0,2405.5,3520.0,4234.0,69.1,107.20000000000002,142.15,180.125,227.3,56.0,68.75,77.5,85.25,95.0
Montpellier HSC,GK,0.0,0.0,0.0,0.0,0.0,0.0,0.0,0.0,0.0,0.0,0.0,0.25,0.5,0.75,1.0,585.0,814.75,1044.5,1274.25,1504.0,0.0,0.0,0.0,0.0,0.0,0.0,0.25,0.5,0.75,1.0
Montpellier HSC,MF,0.0,1.5,3.5,9.0,21.0,0.0,0.0,2.5,10.25,26.0,5.0,6.5,11.0,23.75,50.0,1523.0,2381.0,3668.5,4731.25,4915.0,144.3,149.325,159.7,175.57500000000002,197.1,84.0,134.25,179.5,215.5,238.0
Napoli,DF,0.0,1.0,3.0,4.5,12.0,0.0,1.0,3.0,5.0,13.0,0.0,4.0,6.0,12.0,35.0,1227.0,2282.0,4271.0,6385.5,8384.0,162.4,181.65,234.8,244.35,251.3,58.0,81.0,107.0,158.0,266.0
Napoli,FW,1.0,14.0,22.5,34.5,41.0,4.0,5.0,7.0,15.75,26.0,6.0,11.5,19.5,34.25,51.0,619.0,1195.0,1776.5,2494.25,5692.0,76.4,111.375,140.10000000000002,160.85,219.3,9.0,29.0,45.5,66.25,80.0
Napoli,GK,0.0,0.0,0.0,0.0,0.0,0.0,0.25,0.5,0.75,1.0,0.0,0.25,0.5,0.75,1.0,1606.0,1685.75,1765.5,1845.25,1925.0,0.0,0.0,0.0,0.0,0.0,0.0,0.0,0.0,0.0,0.0
Napoli,MF,0.0,1.5,4.0,10.75,21.0,0.0,2.5,4.0,9.25,21.0,4.0,8.0,13.5,23.5,50.0,846.0,1522.25,4045.5,5030.0,7445.0,50.0,116.07499999999999,169.4,209.975,253.1,11.0,36.25,106.0,184.5,239.0
Newcastle United,DF,1.0,1.5,2.0,4.0,7.0,0.0,1.0,2.0,4.0,13.0,1.0,3.5,6.0,6.0,17.0,1024.0,1776.5,2245.0,2751.5,3556.0,97.2,149.7,184.4,232.14999999999998,278.3,81.0,85.0,109.0,124.0,139.0
Newcastle United,FW,1.0,1.0,5.0,14.0,40.0,3.0,3.0,4.0,14.0,15.0,3.0,7.0,8.0,37.0,38.0,268.0,474.0,653.0,1512.0,2319.0,50.4,112.8,134.8,161.1,163.7,12.0,20.0,38.0,44.0,48.0
Newcastle United,GK,0.0,0.0,0.0,0.0,0.0,0.0,0.0,0.0,0.0,0.0,0.0,0.25,0.5,0.75,1.0,979.0,1464.25,1949.5,2434.75,2920.0,0.0,0.0,0.0,0.0,0.0,0.0,0.0,0.0,0.0,0.0
Newcastle United,MF,0.0,3.0,8.0,8.75,14.0,0.0,1.25,3.0,6.0,21.0,0.0,4.75,8.0,14.75,30.0,709.0,1212.0,2085.5,2628.0,3575.0,37.3,119.9,162.85,177.04999999999998,241.5,19.0,63.75,100.0,137.25,211.0
Norwich City,DF,0.0,0.25,1.0,1.0,6.0,0.0,0.0,0.5,1.0,2.0,0.0,0.0,0.5,3.25,7.0,609.0,898.0,1301.0,2184.0,3118.0,55.4,86.8,125.85,145.55,331.9,11.0,34.75,49.5,87.5,145.0
Norwich City,FW,1.0,6.0,11.0,16.0,20.0,2.0,2.0,3.0,4.0,13.0,4.0,5.0,5.0,12.0,26.0,335.0,775.0,1240.0,1260.0,1897.0,11.5,25.9,72.0,95.0,107.1,27.0,37.0,64.0,67.0,75.0
Norwich City,GK,0.0,0.0,0.0,0.0,0.0,0.0,0.0,0.0,0.0,0.0,1.0,1.0,1.0,1.0,1.0,2196.0,2196.0,2196.0,2196.0,2196.0,0.0,0.0,0.0,0.0,0.0,0.0,0.0,0.0,0.0,0.0
Norwich City,MF,0.0,0.0,0.0,1.0,11.0,0.0,0.0,0.5,1.0,9.0,0.0,1.0,1.5,2.0,17.0,405.0,667.5,896.5,1494.75,4322.0,19.2,60.650000000000006,95.4,118.94999999999999,154.1,18.0,31.0,40.0,55.25,257.0
Nîmes,DF,0.0,0.75,1.5,3.5,5.0,0.0,0.0,0.5,1.25,3.0,0.0,1.75,2.5,3.0,4.0,558.0,1429.0,1902.5,2401.25,2939.0,50.0,103.67500000000001,150.2,166.04999999999998,179.0,17.0,55.0,85.5,101.25,124.0
Nîmes,FW,2.0,4.0,4.0,9.0,11.0,0.0,0.0,1.0,2.0,14.0,0.0,1.0,4.0,5.0,28.0,262.0,276.0,327.0,672.0,2189.0,32.6,51.5,52.8,91.1,101.1,10.0,14.0,18.0,20.0,64.0
Nîmes,GK,0.0,0.0,0.0,0.0,0.0,0.0,0.0,0.0,0.0,0.0,2.0,2.0,2.0,2.0,2.0,3493.0,3493.0,3493.0,3493.0,3493.0,200.0,200.0,200.0,200.0,200.0,0.0,0.0,0.0,0.0,0.0
Nîmes,MF,0.0,0.75,1.0,2.5,6.0,0.0,1.0,2.5,4.25,5.0,1.0,2.0,3.0,7.25,8.0,468.0,675.0,1081.5,1217.75,2229.0,20.0,38.800000000000004,75.15,105.9,167.8,33.0,38.5,58.0,92.0,157.0
Nürnberg,DF,0.0,0.0,0.0,0.75,2.0,0.0,0.0,0.0,1.5,2.0,0.0,0.25,1.0,2.5,4.0,576.0,784.25,1018.5,1389.25,1583.0,38.5,57.2,59.3,62.22500000000001,72.6,26.0,35.25,42.5,58.0,69.0
Nürnberg,FW,1.0,1.0,1.0,2.5,4.0,0.0,0.5,1.0,2.0,3.0,3.0,3.0,3.0,4.0,5.0,407.0,407.0,407.0,407.0,407.0,22.5,23.75,25.0,27.9,30.8,11.0,15.5,20.0,20.5,21.0
Nürnberg,GK,0.0,0.0,0.0,0.0,0.0,0.0,0.0,0.0,0.0,0.0,1.0,1.0,1.0,1.0,1.0,896.0,896.0,896.0,896.0,896.0,0.0,0.0,0.0,0.0,0.0,0.0,0.0,0.0,0.0,0.0
Nürnberg,MF,0.0,0.0,0.0,2.0,4.0,0.0,0.5,1.0,1.0,1.0,0.0,0.5,1.0,3.0,5.0,489.0,607.0,725.0,817.0,909.0,45.1,45.650000000000006,46.2,59.85,73.5,18.0,26.5,35.0,39.0,43.0
OGC Nice,DF,0.0,0.0,1.0,2.0,10.0,0.0,0.0,0.0,1.0,2.0,0.0,1.5,3.0,4.5,7.0,804.0,1398.0,1689.0,2750.0,5844.0,41.0,113.25,180.6,218.45,344.7,20.0,44.5,54.0,101.5,147.0
OGC Nice,FW,5.0,12.5,20.0,20.5,21.0,3.0,4.5,6.0,8.5,11.0,9.0,10.5,12.0,17.0,22.0,757.0,1148.0,1539.0,1605.5,1672.0,78.9,80.15,81.4,108.55,135.7,30.0,41.0,52.0,57.5,63.0
OGC Nice,GK,0.0,0.0,0.0,0.0,0.0,0.0,0.0,0.0,0.0,0.0,0.0,0.0,0.0,0.0,0.0,3603.0,3603.0,3603.0,3603.0,3603.0,0.0,0.0,0.0,0.0,0.0,0.0,0.0,0.0,0.0,0.0
OGC Nice,MF,0.0,1.0,3.0,5.0,9.0,0.0,1.0,2.0,5.0,10.0,1.0,5.0,6.0,9.0,19.0,448.0,1274.0,1435.0,2449.0,3807.0,29.4,75.9,159.0,168.4,184.5,24.0,58.0,80.0,116.0,177.0
Olympique Lyonnais,DF,0.0,1.0,4.5,6.25,18.0,0.0,1.0,4.5,7.75,13.0,0.0,3.0,8.0,19.25,29.0,1184.0,2853.25,5188.0,5865.75,9194.0,145.2,211.6,249.3,283.275,405.4,19.0,75.0,98.0,141.5,214.0
Olympique Lyonnais,FW,7.0,9.0,13.0,26.0,37.0,3.0,7.0,7.0,9.5,12.0,12.0,14.5,16.0,24.5,32.0,668.0,1099.5,1524.0,2308.0,2819.0,42.9,160.55,188.4,205.1,233.6,22.0,29.0,46.0,56.0,175.0
Olympique Lyonnais,GK,0.0,0.0,0.0,0.0,0.0,0.0,0.0,0.0,0.0,0.0,1.0,1.0,1.0,1.0,1.0,3583.0,3583.0,3583.0,3583.0,3583.0,0.0,0.0,0.0,0.0,0.0,0.0,0.0,0.0,0.0,0.0
Olympique Lyonnais,MF,0.0,0.75,2.0,7.25,20.0,1.0,2.5,7.5,13.0,16.0,7.0,14.5,19.5,28.0,46.0,2241.0,2609.25,3787.5,4947.25,5260.0,128.9,136.17499999999998,169.75,203.65,211.9,130.0,136.0,139.5,160.0,217.0
Olympique de Marseille,DF,0.0,1.0,2.0,3.75,10.0,0.0,1.0,2.5,5.0,12.0,0.0,1.25,5.0,10.75,22.0,802.0,2001.0,3509.5,4197.5,4661.0,54.3,94.075,199.85000000000002,258.55,314.6,25.0,54.75,100.5,112.25,224.0
Olympique de Marseille,FW,18.0,21.0,24.0,31.0,38.0,4.0,4.0,4.0,10.0,16.0,15.0,17.0,19.0,23.0,27.0,979.0,1256.5,1534.0,2112.5,2691.0,81.3,131.45,181.6,186.8,192.0,27.0,39.0,51.0,65.0,79.0
Olympique de Marseille,GK,0.0,0.0,0.0,0.0,0.0,0.0,0.0,0.0,0.0,0.0,1.0,1.25,1.5,1.75,2.0,3274.0,3330.25,3386.5,3442.75,3499.0,0.0,0.0,0.0,0.0,0.0,0.0,0.0,0.0,0.0,0.0
Olympique de Marseille,MF,2.0,3.0,5.0,8.0,26.0,0.0,4.0,5.0,9.0,27.0,5.0,10.0,13.0,16.0,49.0,926.0,1533.0,1879.0,4732.0,5676.0,75.0,108.5,114.7,189.0,241.9,28.0,69.0,74.0,112.0,299.0
Paderborn 07,DF,0.0,1.0,1.0,1.0,2.0,0.0,0.25,1.5,2.0,3.0,0.0,1.0,1.5,2.75,5.0,634.0,806.75,838.5,1285.75,1768.0,38.1,51.175000000000004,54.95,57.525000000000006,62.0,24.0,30.25,39.5,60.0,78.0
Paderborn 07,FW,3.0,4.5,5.0,5.25,6.0,1.0,1.0,1.5,2.0,2.0,2.0,2.75,3.0,3.5,5.0,276.0,292.5,331.0,365.75,371.0,35.1,35.699999999999996,37.25,41.900000000000006,51.8,15.0,15.75,16.5,17.5,19.0
Paderborn 07,GK,0.0,0.0,0.0,0.0,0.0,0.0,0.0,0.0,0.0,0.0,0.0,0.0,0.0,0.0,0.0,1217.0,1217.0,1217.0,1217.0,1217.0,0.0,0.0,0.0,0.0,0.0,1.0,1.0,1.0,1.0,1.0
Paderborn 07,MF,2.0,2.0,2.0,2.0,2.0,1.0,2.25,3.5,4.75,6.0,4.0,5.25,6.5,7.75,9.0,624.0,756.5,889.0,1021.5,1154.0,24.0,32.7,41.4,50.099999999999994,58.8,44.0,51.75,59.5,67.25,75.0
Paris Saint-Germain,DF,0.0,1.0,2.0,12.0,19.0,1.0,2.0,4.0,4.0,24.0,5.0,7.0,8.0,11.0,48.0,2092.0,2752.0,4793.0,5561.0,6552.0,108.9,173.3,238.6,246.2,288.0,55.0,99.0,126.0,134.0,181.0
Paris Saint-Germain,FW,5.0,20.25,30.5,51.75,92.0,6.0,13.5,20.5,30.25,47.0,16.0,29.75,46.0,72.75,113.0,892.0,2879.25,3394.0,4042.25,7060.0,70.0,136.97500000000002,166.45,206.2,284.0,24.0,47.5,58.5,74.25,163.0
Paris Saint-Germain,GK,0.0,0.0,0.0,0.0,0.0,0.0,0.0,0.0,0.0,0.0,0.0,0.0,0.0,0.5,1.0,1164.0,1506.0,1848.0,2811.0,3774.0,0.0,0.0,0.0,0.0,0.0,0.0,0.0,0.0,0.5,1.0
Paris Saint-Germain,MF,0.0,1.0,2.0,6.25,10.0,1.0,1.0,5.0,7.5,9.0,3.0,9.25,12.5,19.5,24.0,974.0,1826.0,3985.5,5592.25,6338.0,45.0,109.975,140.35,195.27499999999998,250.3,39.0,46.0,107.0,161.0,336.0
Parma,DF,0.0,0.0,0.0,0.5,5.0,0.0,0.0,1.0,1.25,4.0,0.0,1.0,1.5,4.0,6.0,416.0,747.5,1381.0,2281.5,3516.0,38.9,63.25000000000001,99.25,150.04999999999998,241.0,10.0,23.75,41.5,77.75,139.0
Parma,FW,0.0,1.5,6.0,14.5,23.0,0.0,1.0,3.0,5.0,8.0,0.0,4.0,8.0,12.5,27.0,267.0,501.5,717.0,1163.0,1591.0,18.2,34.8,48.3,107.2,183.8,6.0,24.5,30.0,34.0,41.0
Parma,GK,0.0,0.0,0.0,0.0,0.0,0.0,0.0,0.0,0.0,0.0,0.0,0.0,0.0,0.0,0.0,3785.0,3785.0,3785.0,3785.0,3785.0,0.0,0.0,0.0,0.0,0.0,1.0,1.0,1.0,1.0,1.0
Parma,MF,0.0,1.0,2.0,4.0,14.0,1.0,3.0,4.0,6.0,6.0,1.0,6.0,8.0,10.0,17.0,549.0,1290.0,1369.0,1768.0,4304.0,40.0,67.9,81.8,111.1,215.6,44.0,45.0,93.0,110.0,155.0
RB Leipzig,DF,1.0,1.75,6.5,8.25,9.0,1.0,2.0,3.0,5.25,11.0,4.0,5.75,6.5,13.75,28.0,1078.0,2359.25,3658.5,4400.5,5129.0,62.5,186.55,201.5,229.625,267.5,36.0,110.0,123.5,145.75,173.0
RB Leipzig,FW,4.0,16.75,25.0,35.25,54.0,1.0,9.25,12.5,16.25,26.0,3.0,22.5,31.0,39.5,59.0,445.0,1450.0,1945.0,2354.5,3103.0,90.7,138.7,163.95,174.825,179.7,22.0,32.5,41.0,56.25,87.0
RB Leipzig,GK,0.0,0.0,0.0,0.0,0.0,1.0,1.0,1.0,1.0,1.0,3.0,3.0,3.0,3.0,3.0,3995.0,3995.0,3995.0,3995.0,3995.0,0.0,0.0,0.0,0.0,0.0,0.0,0.0,0.0,0.0,0.0
RB Leipzig,MF,1.0,4.0,6.0,14.0,21.0,2.0,5.0,9.0,11.5,13.0,10.0,15.0,21.0,24.0,31.0,1688.0,2220.5,2442.0,3658.0,4425.0,135.7,156.55,178.2,206.0,215.5,59.0,89.5,117.0,129.5,192.0
RC Celta de Vigo,DF,0.0,0.0,0.5,2.75,4.0,0.0,0.25,1.5,4.5,8.0,0.0,3.25,4.0,9.25,17.0,887.0,1306.5,2844.0,4007.75,5755.0,64.0,121.27499999999999,168.0,224.625,332.9,34.0,58.0,101.0,146.75,247.0
RC Celta de Vigo,FW,4.0,17.5,31.0,43.5,56.0,1.0,7.5,14.0,19.0,24.0,5.0,15.0,25.0,42.0,59.0,901.0,1515.5,2130.0,3075.0,4020.0,10.0,65.95,121.9,144.15,166.4,21.0,40.0,59.0,71.0,83.0
RC Celta de Vigo,GK,0.0,0.0,0.0,0.0,0.0,0.0,0.0,0.0,0.0,0.0,0.0,0.0,0.0,0.0,0.0,651.0,712.0,773.0,1620.0,2467.0,0.0,0.0,0.0,0.0,0.0,0.0,0.0,0.0,0.0,0.0
RC Celta de Vigo,MF,0.0,0.0,2.5,7.0,17.0,0.0,0.75,2.5,7.5,15.0,0.0,2.0,4.5,18.5,40.0,721.0,1789.75,2751.0,3412.25,3831.0,20.0,108.82499999999999,117.5,171.325,347.1,20.0,92.25,122.0,138.0,175.0
RC Strasbourg Alsace,DF,0.0,1.0,1.5,2.75,10.0,0.0,1.0,2.5,10.25,12.0,1.0,3.25,8.5,14.25,23.0,994.0,2000.75,3234.0,4432.5,4686.0,139.7,173.09999999999997,186.95,200.75,275.9,33.0,70.0,109.0,214.25,258.0
RC Strasbourg Alsace,FW,4.0,10.0,16.5,26.75,42.0,2.0,5.0,5.0,6.5,14.0,4.0,8.25,14.5,23.0,28.0,532.0,671.75,1021.5,1432.75,2353.0,81.0,102.4,103.8,153.5,238.7,11.0,25.75,40.0,45.25,90.0
RC Strasbourg Alsace,GK,0.0,0.0,0.0,0.0,0.0,0.0,0.0,0.0,0.0,0.0,0.0,0.25,0.5,0.75,1.0,755.0,1219.75,1684.5,2149.25,2614.0,0.0,25.0,50.0,75.0,100.0,0.0,0.0,0.0,0.0,0.0
RC Strasbourg Alsace,MF,2.0,3.0,4.0,6.5,24.0,2.0,2.0,4.0,5.5,12.0,6.0,6.5,10.0,16.0,32.0,499.0,1394.0,1906.0,2807.0,3935.0,45.0,101.75,122.8,259.05,410.2,24.0,52.5,109.0,143.0,207.0
RCD Espanyol de Barcelona,DF,0.0,0.25,1.0,3.75,5.0,0.0,0.25,1.0,2.0,5.0,0.0,1.0,2.5,3.75,18.0,596.0,1556.5,2162.0,2677.75,3215.0,29.0,124.67500000000001,151.35000000000002,203.17499999999998,274.4,1.0,45.5,66.0,80.0,144.0
RCD Espanyol de Barcelona,FW,2.0,2.0,4.5,11.75,26.0,1.0,1.0,1.5,2.25,3.0,2.0,3.5,5.0,7.25,11.0,394.0,484.75,556.5,727.0,1114.0,38.2,42.175,73.25,110.125,131.5,13.0,20.5,25.5,28.5,30.0
RCD Espanyol de Barcelona,GK,0.0,0.0,0.0,0.0,0.0,0.0,0.0,0.0,0.0,0.0,0.0,0.25,0.5,0.75,1.0,627.0,1203.0,1779.0,2355.0,2931.0,0.0,0.0,0.0,0.0,0.0,1.0,1.25,1.5,1.75,2.0
RCD Espanyol de Barcelona,MF,0.0,0.25,3.5,5.5,8.0,1.0,1.25,3.5,5.0,12.0,2.0,4.75,7.5,12.0,19.0,465.0,1019.0,1489.5,2379.25,3125.0,52.6,89.35,111.15,129.775,217.1,13.0,34.75,78.5,110.0,204.0
RCD Mallorca,DF,0.0,0.0,1.0,1.0,2.0,0.0,0.0,0.0,1.5,5.0,0.0,0.0,1.0,2.0,10.0,450.0,612.5,862.0,1522.0,2436.0,30.4,50.349999999999994,124.0,129.25,200.7,16.0,26.5,35.0,56.5,88.0
RCD Mallorca,FW,1.0,4.5,6.0,7.0,24.0,0.0,1.0,3.0,3.5,8.0,1.0,2.5,3.0,9.0,21.0,285.0,312.5,480.0,950.5,1649.0,59.3,81.45,93.8,101.6,102.7,13.0,22.5,36.0,41.0,87.0
RCD Mallorca,GK,0.0,0.0,0.0,0.0,0.0,0.0,0.0,0.0,0.0,0.0,0.0,0.0,0.0,0.0,0.0,1705.0,1705.0,1705.0,1705.0,1705.0,0.0,0.0,0.0,0.0,0.0,0.0,0.0,0.0,0.0,0.0
RCD Mallorca,MF,0.0,0.5,2.0,4.5,6.0,0.0,0.0,3.0,5.0,6.0,1.0,1.0,5.0,8.5,24.0,523.0,946.5,1264.0,1525.5,2124.0,40.0,53.75,69.8,112.75,125.9,28.0,33.5,45.0,58.5,122.0
Racing Club de Lens,DF,0.0,0.0,1.5,3.0,5.0,0.0,0.25,1.5,3.5,13.0,0.0,2.5,4.0,4.0,22.0,707.0,849.75,1502.5,2518.25,3654.0,40.0,105.22500000000001,135.15,173.62499999999997,241.7,33.0,42.5,62.0,85.0,169.0
Racing Club de Lens,FW,1.0,7.0,10.5,11.75,15.0,1.0,1.25,2.5,3.0,7.0,5.0,7.75,11.0,12.75,16.0,347.0,468.25,744.5,1099.5,1465.0,80.3,93.825,112.35,134.39999999999998,156.4,8.0,19.5,22.5,40.5,47.0
Racing Club de Lens,GK,0.0,0.0,0.0,0.0,0.0,0.0,0.0,0.0,0.0,0.0,0.0,0.0,0.0,0.0,0.0,1492.0,1492.0,1492.0,1492.0,1492.0,0.0,0.0,0.0,0.0,0.0,0.0,0.0,0.0,0.0,0.0
Racing Club de Lens,MF,2.0,2.0,7.0,13.0,16.0,0.0,3.0,7.5,11.75,14.0,4.0,8.5,15.5,23.75,32.0,1666.0,2111.5,2484.5,3121.75,4360.0,102.0,112.725,133.6,152.72500000000002,158.2,80.0,87.5,101.0,115.25,125.0
Rayo Vallecano,DF,0.0,0.0,0.0,1.0,2.0,0.0,0.0,0.0,1.0,3.0,0.0,0.5,1.0,2.0,7.0,343.0,601.5,821.0,961.5,1289.0,45.5,47.3,57.6,74.1,165.7,10.0,22.0,35.0,46.5,54.0
Rayo Vallecano,FW,1.0,2.0,5.5,13.5,20.0,0.0,2.25,3.0,3.75,7.0,3.0,5.5,7.0,7.75,20.0,477.0,697.25,852.5,1450.25,1694.0,44.5,56.975,93.9,123.32499999999999,199.8,29.0,30.0,40.0,55.25,113.0
Rayo Vallecano,GK,0.0,0.0,0.0,0.0,0.0,0.0,0.0,0.0,0.0,0.0,0.0,0.0,0.0,0.0,0.0,532.0,696.75,861.5,1026.25,1191.0,0.0,0.0,0.0,0.0,0.0,0.0,0.0,0.0,0.0,0.0
Rayo Vallecano,MF,0.0,2.25,3.0,3.75,4.0,0.0,0.0,1.5,3.75,12.0,0.0,0.75,5.0,7.75,16.0,516.0,790.75,1099.0,1667.5,2921.0,43.2,62.650000000000006,80.65,85.67500000000001,123.9,13.0,27.0,64.0,84.5,101.0
Real Betis Balompié,DF,0.0,0.5,2.0,3.0,7.0,0.0,1.0,2.0,3.0,9.0,1.0,2.5,4.0,7.0,21.0,938.0,1951.5,2876.0,3855.0,5146.0,20.0,143.55,171.8,223.3,270.4,25.0,55.0,80.0,146.0,185.0
Real Betis Balompié,FW,2.0,16.0,19.0,22.0,34.0,2.0,3.0,10.0,11.0,17.0,4.0,11.0,17.0,24.0,46.0,801.0,1150.0,1955.0,2911.0,6684.0,84.0,128.9,148.7,166.1,201.1,20.0,36.0,55.0,71.0,112.0
Real Betis Balompié,GK,0.0,0.0,0.0,0.0,0.0,0.0,0.0,0.0,0.0,0.0,0.0,0.0,0.0,0.5,1.0,1004.0,1453.5,1903.0,2300.5,2698.0,0.0,0.0,0.0,0.0,0.0,0.0,0.0,0.0,0.0,0.0
Real Betis Balompié,MF,0.0,0.5,2.0,3.5,25.0,0.0,2.5,5.0,7.0,20.0,0.0,5.5,9.0,15.0,51.0,402.0,1105.0,2751.0,4027.0,4125.0,73.0,96.75,162.3,174.65,250.8,18.0,35.0,103.0,126.5,175.0
Real Madrid CF,DF,1.0,2.0,5.0,5.5,7.0,0.0,2.5,7.0,9.0,11.0,1.0,9.0,18.0,20.5,22.0,968.0,3020.0,5335.0,6394.0,7964.0,161.8,184.60000000000002,200.4,249.10000000000002,342.8,29.0,96.5,121.0,153.0,286.0
Real Madrid CF,FW,3.0,11.75,19.0,22.5,78.0,1.0,7.0,7.5,12.0,30.0,4.0,18.25,23.0,35.5,58.0,260.0,1138.25,2036.0,2724.25,4440.0,83.7,110.1,171.2,224.77500000000003,328.4,3.0,25.0,33.0,42.5,101.0
Real Madrid CF,GK,0.0,0.0,0.0,0.0,0.0,0.0,0.0,0.0,0.0,0.0,1.0,1.0,1.0,1.0,1.0,3812.0,3812.0,3812.0,3812.0,3812.0,100.0,100.0,100.0,100.0,100.0,0.0,0.0,0.0,0.0,0.0
Real Madrid CF,MF,5.0,5.0,8.0,11.0,13.0,6.0,7.0,10.0,20.0,21.0,12.0,16.0,24.0,31.0,43.0,2718.0,2802.0,6536.0,6812.0,7855.0,155.2,156.1,190.1,231.4,253.7,59.0,95.0,125.0,167.0,339.0
Real Sociedad,DF,0.0,0.0,1.0,1.0,5.0,0.0,2.0,3.0,4.0,4.0,0.0,6.0,8.0,8.0,14.0,1212.0,2531.0,3521.0,4083.0,4593.0,60.4,188.8,223.0,252.2,309.3,17.0,94.0,109.0,127.0,152.0
Real Sociedad,FW,5.0,6.75,10.0,20.75,30.0,1.0,3.25,4.5,9.5,13.0,7.0,10.0,13.5,24.5,29.0,712.0,814.75,925.5,1744.25,2240.0,111.2,114.32499999999999,123.95,127.57499999999999,179.3,25.0,27.25,36.5,64.5,99.0
Real Sociedad,GK,0.0,0.0,0.0,0.0,0.0,0.0,0.0,0.0,0.0,0.0,0.0,0.0,0.0,1.5,3.0,820.0,1703.5,2587.0,2823.0,3059.0,0.0,0.0,0.0,0.0,0.0,0.0,0.0,0.0,0.0,0.0
Real Sociedad,MF,0.0,1.0,1.5,12.5,40.0,0.0,1.0,2.5,12.25,24.0,0.0,2.75,4.0,34.0,54.0,577.0,1441.0,2344.0,3889.0,5093.0,67.4,129.9,154.64999999999998,219.32500000000002,239.1,23.0,53.25,85.5,95.5,230.0
Roma,DF,0.0,1.5,3.0,6.5,14.0,0.0,1.5,3.0,4.0,8.0,1.0,4.0,8.0,10.5,13.0,519.0,1410.5,2394.0,2870.5,6019.0,43.2,105.25,182.9,247.39999999999998,302.8,21.0,37.0,58.0,85.5,202.0
Roma,FW,9.0,10.0,11.0,21.0,27.0,3.0,4.0,4.0,7.0,7.0,4.0,10.0,20.0,21.0,24.0,618.0,747.0,960.0,1336.0,1362.0,77.9,78.8,100.0,100.8,146.7,26.0,30.0,33.0,45.0,65.0
Roma,GK,0.0,0.0,0.0,0.0,0.0,0.0,0.0,0.0,0.0,0.0,0.0,0.5,1.0,1.5,2.0,932.0,1455.75,1979.5,2503.25,3027.0,0.0,0.0,0.0,0.0,0.0,0.0,0.0,0.0,0.0,0.0
Roma,MF,0.0,1.75,5.5,18.25,30.0,1.0,1.0,8.0,12.5,23.0,4.0,4.75,17.5,29.5,44.0,924.0,1309.5,2761.0,4415.75,5779.0,41.1,111.24999999999999,151.9,207.6,260.0,15.0,49.5,106.5,152.75,168.0
SC Freiburg,DF,0.0,1.0,3.5,5.75,10.0,0.0,0.0,1.5,4.75,20.0,0.0,2.75,4.0,9.5,36.0,1674.0,2058.0,3524.0,4155.25,5668.0,151.8,204.0,231.95,264.45000000000005,285.0,66.0,93.5,104.0,119.75,147.0
SC Freiburg,FW,5.0,6.5,13.5,22.5,30.0,0.0,3.75,6.0,7.0,7.0,4.0,10.75,13.5,18.25,31.0,321.0,637.5,1023.5,1486.25,2033.0,58.0,68.42500000000001,106.95,153.325,187.3,12.0,21.0,43.5,74.5,109.0
SC Freiburg,GK,0.0,0.0,0.0,0.0,0.0,0.0,0.0,0.0,0.0,0.0,1.0,1.0,1.0,1.0,1.0,1289.0,1289.0,1289.0,1289.0,1289.0,0.0,0.0,0.0,0.0,0.0,0.0,0.0,0.0,0.0,0.0
SC Freiburg,MF,0.0,2.0,4.0,6.5,24.0,0.0,1.0,4.0,4.5,29.0,0.0,3.5,12.0,15.0,49.0,434.0,721.0,1158.0,3904.0,4836.0,84.6,131.1,173.3,207.25,297.9,22.0,39.5,56.0,161.0,295.0
SPAL,DF,0.0,0.0,1.0,1.5,3.0,0.0,0.5,1.0,2.0,4.0,1.0,2.0,3.0,4.5,7.0,870.0,1019.5,1324.0,1997.0,2997.0,21.7,116.3,121.3,122.55,131.8,18.0,33.5,51.0,65.0,144.0
SPAL,FW,4.0,4.25,4.5,4.75,5.0,0.0,0.25,0.5,0.75,1.0,4.0,4.25,4.5,4.75,5.0,498.0,514.25,530.5,546.75,563.0,42.4,51.224999999999994,60.05,68.875,77.7,11.0,12.75,14.5,16.25,18.0
SPAL,GK,0.0,0.0,0.0,0.0,0.0,0.0,0.0,0.0,0.0,0.0,0.0,0.25,0.5,0.75,1.0,594.0,785.5,977.0,1168.5,1360.0,0.0,0.0,0.0,0.0,0.0,0.0,0.25,0.5,0.75,1.0
SPAL,MF,0.0,0.0,1.0,2.0,5.0,0.0,1.0,2.0,4.0,4.0,3.0,5.0,6.0,8.0,10.0,924.0,1123.0,1371.0,1452.0,2996.0,20.0,100.8,113.8,123.8,172.9,49.0,61.0,71.0,86.0,105.0
Sampdoria,DF,0.0,1.0,1.5,2.0,3.0,1.0,1.0,3.5,5.0,5.0,2.0,2.75,6.0,8.75,11.0,1207.0,1410.75,3361.5,3811.25,5125.0,128.6,188.89999999999998,217.2,251.325,328.1,72.0,74.5,89.5,154.25,219.0
Sampdoria,FW,2.0,6.5,15.5,30.0,51.0,2.0,2.75,4.5,8.0,14.0,4.0,9.25,16.5,25.25,35.0,248.0,503.75,1012.5,1650.25,2293.0,79.6,85.9,112.2,139.175,147.5,14.0,17.0,26.0,35.0,38.0
Sampdoria,GK,0.0,0.0,0.0,0.0,0.0,0.0,0.25,0.5,0.75,1.0,0.0,0.25,0.5,0.75,1.0,353.0,1278.75,2204.5,3130.25,4056.0,0.0,0.0,0.0,0.0,0.0,0.0,0.0,0.0,0.0,0.0
Sampdoria,MF,0.0,1.75,4.5,7.25,17.0,3.0,3.75,4.5,6.25,20.0,8.0,9.5,11.0,16.75,37.0,977.0,1876.75,2382.0,3435.5,4295.0,65.4,109.35,142.45,194.22499999999997,233.1,47.0,64.25,122.0,158.0,208.0
Sassuolo,DF,0.0,1.0,1.5,2.0,6.0,0.0,1.0,2.0,4.75,5.0,1.0,2.25,5.5,8.5,9.0,1695.0,2281.0,2964.5,4103.0,7312.0,83.6,129.575,155.05,201.35000000000002,254.0,29.0,79.0,97.5,100.25,139.0
Sassuolo,FW,12.0,14.75,17.5,39.75,52.0,2.0,4.0,8.5,16.75,26.0,6.0,16.75,26.0,42.0,52.0,549.0,1119.5,2098.0,2488.5,4491.0,32.2,98.875,107.6,151.875,198.1,27.0,29.5,45.0,69.5,136.0
Sassuolo,GK,0.0,0.0,0.0,0.0,0.0,0.0,0.0,0.0,0.0,0.0,0.0,0.0,0.0,0.0,0.0,4266.0,4266.0,4266.0,4266.0,4266.0,0.0,0.0,0.0,0.0,0.0,0.0,0.0,0.0,0.0,0.0
Sassuolo,MF,0.0,1.5,4.0,8.0,14.0,0.0,1.5,3.0,6.0,11.0,2.0,5.5,7.0,19.5,29.0,647.0,2433.0,2553.0,3053.0,6198.0,40.7,143.95,150.2,159.85000000000002,186.8,23.0,93.0,100.0,123.0,155.0
Schalke 04,DF,0.0,0.75,2.0,3.25,4.0,0.0,0.0,0.5,1.25,2.0,0.0,2.25,3.0,4.25,8.0,798.0,900.75,1906.5,2892.5,2936.0,77.8,91.45,170.1,248.24999999999997,260.4,49.0,51.25,66.0,101.0,164.0
Schalke 04,FW,1.0,2.5,4.0,13.0,17.0,0.0,0.25,2.0,3.75,7.0,0.0,2.0,4.0,9.0,14.0,315.0,449.5,658.5,1026.5,1157.0,54.7,62.0,74.25,100.075,135.8,14.0,17.25,22.0,58.25,81.0
Schalke 04,GK,0.0,0.0,0.0,0.0,0.0,0.0,0.0,0.0,0.0,0.0,0.0,0.0,0.0,0.0,0.0,778.0,920.75,1063.5,1206.25,1349.0,0.0,0.0,0.0,0.0,0.0,0.0,0.0,0.0,0.0,0.0
Schalke 04,MF,0.0,0.5,1.0,2.0,3.0,0.0,0.5,1.0,2.5,4.0,2.0,2.5,3.0,4.0,5.0,436.0,1040.0,1644.0,2061.5,2479.0,96.1,130.3,164.5,167.5,170.5,40.0,56.5,73.0,109.0,145.0
Sevilla FC,DF,1.0,1.0,2.0,2.0,7.0,0.0,1.0,3.0,5.0,20.0,1.0,5.0,7.0,10.0,36.0,764.0,1531.0,2661.0,6496.0,7216.0,50.0,72.4,151.8,246.3,257.9,33.0,46.0,94.0,116.0,166.0
Sevilla FC,FW,7.0,11.0,13.0,18.0,38.0,1.0,4.0,5.0,6.0,18.0,4.0,13.0,16.0,21.0,44.0,439.0,1262.0,1689.0,2437.0,4317.0,71.0,125.9,151.3,160.3,229.8,7.0,55.0,83.0,87.0,210.0
Sevilla FC,GK,0.0,0.5,1.0,1.0,1.0,0.0,0.0,0.0,1.0,2.0,0.0,0.5,1.0,1.5,2.0,2063.0,2400.0,2737.0,2838.0,2939.0,0.0,0.0,0.0,50.0,100.0,0.0,0.0,0.0,0.5,1.0
Sevilla FC,MF,0.0,5.0,6.0,8.5,22.0,0.0,7.5,11.0,12.5,30.0,1.0,15.5,22.0,25.5,63.0,1569.0,3082.0,4581.0,5850.0,6469.0,38.6,111.85000000000001,165.2,180.95,213.8,47.0,83.5,111.0,134.0,206.0
Sheffield Utd,DF,0.0,0.0,1.0,2.0,2.0,0.0,0.0,1.0,2.0,5.0,0.0,1.0,2.0,4.0,12.0,383.0,443.0,1632.0,2566.0,3322.0,36.4,85.5,106.8,118.8,178.8,23.0,25.0,38.0,128.0,160.0
Sheffield Utd,FW,0.0,3.0,6.5,7.0,10.0,0.0,0.5,2.5,3.0,4.0,0.0,2.25,4.0,5.0,5.0,225.0,361.0,502.0,940.0,1563.0,21.1,54.02499999999999,70.7,77.7,103.4,14.0,16.25,27.5,45.5,72.0
Sheffield Utd,MF,1.0,1.0,2.0,5.0,5.0,0.0,1.0,2.0,4.0,5.0,3.0,4.0,5.0,8.0,9.0,850.0,1099.0,2243.0,2377.0,3631.0,64.5,93.4,97.1,101.4,116.8,47.0,47.0,76.0,84.0,132.0
Southampton,DF,0.0,1.0,1.5,2.25,3.0,0.0,0.75,2.0,3.75,8.0,1.0,2.0,3.5,7.5,17.0,757.0,1957.25,2797.5,3296.75,4834.0,40.9,121.99999999999999,183.0,228.05,283.9,38.0,83.25,121.5,133.75,175.0
Southampton,FW,2.0,4.5,7.0,11.5,16.0,2.0,2.5,3.0,5.5,8.0,3.0,4.0,5.0,10.0,15.0,227.0,517.0,807.0,947.0,1087.0,22.2,51.5,80.8,144.6,208.4,8.0,21.0,34.0,40.0,46.0
Southampton,GK,0.0,0.0,0.0,0.0,0.0,0.0,0.0,0.0,0.0,0.0,0.0,0.0,0.0,0.0,0.0,563.0,1170.0,1777.0,2384.0,2991.0,0.0,0.0,0.0,0.0,0.0,0.0,0.0,0.0,0.0,0.0
Southampton,MF,0.0,1.0,3.0,12.0,23.0,0.0,1.0,2.0,10.0,15.0,2.0,6.0,11.0,18.0,32.0,245.0,800.0,1936.0,3418.0,6335.0,67.0,84.3,116.7,167.5,220.0,19.0,79.0,99.0,154.0,249.0
SpVgg Greuther Fürth,DF,0.0,0.5,1.0,1.5,2.0,0.0,0.0,0.0,1.5,3.0,0.0,0.0,0.0,5.5,11.0,588.0,676.5,765.0,1108.0,1451.0,48.4,52.3,56.2,105.30000000000001,154.4,26.0,31.0,36.0,55.5,75.0
SpVgg Greuther Fürth,FW,4.0,4.0,4.0,4.0,4.0,3.0,3.0,3.0,3.0,3.0,3.0,3.0,3.0,3.0,3.0,353.0,353.0,353.0,353.0,353.0,20.8,20.8,20.8,20.8,20.8,20.0,20.0,20.0,20.0,20.0
SpVgg Greuther Fürth,MF,0.0,0.25,0.5,0.75,1.0,0.0,0.0,0.0,0.0,0.0,1.0,1.25,1.5,1.75,2.0,237.0,343.0,449.0,555.0,661.0,59.4,60.0,60.599999999999994,61.199999999999996,61.8,21.0,22.75,24.5,26.25,28.0
Spezia,DF,0.0,0.0,1.0,1.75,3.0,0.0,1.0,1.5,3.5,8.0,0.0,1.25,2.5,3.75,18.0,989.0,1231.0,1364.5,1730.0,2401.0,61.6,98.275,108.80000000000001,139.82500000000002,245.9,19.0,34.0,49.5,78.25,137.0
Spezia,FW,7.0,9.0,11.0,12.0,13.0,2.0,3.0,4.0,5.0,6.0,6.0,7.5,9.0,10.5,12.0,691.0,886.5,1082.0,1269.0,1456.0,33.3,41.65,50.0,57.0,64.0,12.0,14.0,16.0,38.5,61.0
Spezia,GK,0.0,0.0,0.0,0.0,0.0,0.0,0.0,0.0,1.0,2.0,0.0,0.0,0.0,1.0,2.0,541.0,985.5,1430.0,1882.0,2334.0,0.0,0.0,0.0,61.25,122.5,0.0,0.0,0.0,28.0,56.0
Spezia,MF,0.0,0.75,1.5,3.0,4.0,0.0,1.75,2.0,3.0,3.0,2.0,3.0,6.5,7.5,9.0,426.0,682.5,1149.5,1822.25,2317.0,39.5,79.89999999999999,133.0,180.42499999999998,276.6,8.0,15.25,65.0,95.25,102.0
Stade Brestois 29,DF,0.0,1.0,1.0,2.25,5.0,0.0,0.0,0.5,1.25,6.0,0.0,1.75,2.5,4.0,12.0,681.0,1186.5,2367.0,2822.0,4090.0,115.1,142.2,148.6,196.55,267.6,31.0,43.25,79.0,100.25,142.0
Stade Brestois 29,FW,2.0,3.0,6.0,13.5,15.0,1.0,3.5,6.0,8.5,13.0,3.0,6.0,9.5,16.25,22.0,285.0,510.75,961.0,1579.0,2064.0,36.7,78.225,107.55,129.025,191.4,8.0,30.25,50.0,65.0,104.0
Stade Brestois 29,GK,0.0,0.0,0.0,0.0,0.0,0.0,0.25,0.5,0.75,1.0,0.0,0.25,0.5,0.75,1.0,554.0,988.5,1423.0,1857.5,2292.0,0.0,0.0,0.0,0.0,0.0,0.0,0.0,0.0,0.0,0.0
Stade Brestois 29,MF,0.0,0.25,2.5,6.25,13.0,0.0,0.0,1.0,3.0,10.0,0.0,3.25,5.0,7.5,22.0,562.0,848.75,993.0,2047.75,2729.0,25.0,77.875,150.5,193.97500000000002,220.0,24.0,37.0,54.0,92.25,156.0
Stade Rennais FC,DF,0.0,0.0,1.0,2.5,9.0,0.0,0.0,1.0,3.5,12.0,0.0,0.5,2.0,8.0,27.0,683.0,1048.0,1722.0,2574.5,6954.0,50.0,80.55,130.8,183.25,293.2,14.0,35.5,74.0,98.5,244.0
Stade Rennais FC,FW,3.0,7.25,21.5,26.0,42.0,2.0,2.25,3.5,7.75,20.0,2.0,7.5,14.0,23.5,38.0,199.0,868.5,1325.0,2039.5,2891.0,68.1,78.475,137.9,203.17499999999998,273.7,15.0,24.5,47.5,81.75,123.0
Stade Rennais FC,GK,0.0,0.0,0.0,0.0,0.0,0.0,0.0,0.0,0.0,0.0,0.0,0.0,0.0,0.0,0.0,706.0,1222.0,1738.0,2254.0,2770.0,0.0,0.0,0.0,0.0,0.0,0.0,0.0,0.0,0.0,0.0
Stade Rennais FC,MF,0.0,2.75,4.0,7.75,16.0,1.0,2.75,3.5,9.75,16.0,3.0,6.25,11.0,20.5,31.0,344.0,2406.75,3118.5,3887.0,5213.0,63.6,139.75,149.2,228.675,330.6,24.0,72.0,100.0,139.25,253.0
Stade de Reims,DF,1.0,1.0,3.0,3.0,7.0,0.0,0.0,2.0,4.0,4.0,1.0,2.0,5.0,9.0,13.0,1812.0,2292.0,4184.0,5186.0,5582.0,118.8,119.5,174.0,182.7,254.2,57.0,73.0,173.0,230.0,246.0
Stade de Reims,FW,5.0,5.0,6.5,9.0,12.0,1.0,1.75,2.5,4.0,7.0,3.0,6.75,8.5,11.0,17.0,411.0,525.0,727.5,1169.0,2000.0,115.7,125.44999999999999,140.45,156.225,168.3,34.0,41.5,46.0,64.25,113.0
Stade de Reims,GK,0.0,0.0,0.0,0.0,0.0,0.0,0.0,0.0,0.0,0.0,1.0,1.0,1.0,1.0,1.0,3020.0,3020.0,3020.0,3020.0,3020.0,0.0,0.0,0.0,0.0,0.0,1.0,1.0,1.0,1.0,1.0
Stade de Reims,MF,0.0,0.0,2.0,5.0,7.0,1.0,2.0,3.0,5.0,9.0,2.0,5.0,6.0,13.0,16.0,500.0,702.0,1738.0,2294.0,4168.0,7.1,60.0,87.9,122.9,204.5,21.0,41.0,79.0,100.0,326.0
TSG 1899 Hoffenheim,DF,0.0,1.0,1.0,3.5,6.0,0.0,1.0,3.0,5.5,15.0,1.0,5.0,7.0,10.5,24.0,544.0,1838.0,2086.0,4330.5,6008.0,33.3,131.8,198.7,223.5,300.8,18.0,44.5,79.0,99.5,225.0
TSG 1899 Hoffenheim,FW,0.0,2.5,8.0,17.5,51.0,2.0,3.0,4.0,8.0,18.0,3.0,8.5,11.0,21.5,42.0,454.0,835.0,1465.0,1718.5,3166.0,89.7,133.35,156.1,170.05,287.2,22.0,24.0,32.0,55.0,88.0
TSG 1899 Hoffenheim,GK,0.0,0.0,0.0,0.0,0.0,1.0,1.0,1.0,1.0,1.0,2.0,2.0,2.0,2.0,2.0,4689.0,4689.0,4689.0,4689.0,4689.0,0.0,0.0,0.0,0.0,0.0,0.0,0.0,0.0,0.0,0.0
TSG 1899 Hoffenheim,MF,2.0,2.75,3.5,7.0,16.0,3.0,4.5,5.5,6.25,7.0,10.0,11.5,14.0,16.5,18.0,1542.0,1686.0,2009.0,2616.5,3614.0,67.5,114.44999999999999,177.0,232.57500000000002,258.6,51.0,87.0,118.0,151.25,194.0
Torino,DF,0.0,0.25,2.5,6.0,10.0,0.0,1.0,2.0,3.75,15.0,2.0,4.25,5.0,7.75,25.0,741.0,1266.5,2635.5,3739.75,4541.0,61.8,134.725,203.25,215.3,241.5,22.0,43.75,125.5,163.75,182.0
Torino,FW,5.0,7.0,16.0,19.0,46.0,3.0,4.5,7.0,12.0,14.0,5.0,11.5,14.0,26.5,38.0,953.0,1225.0,2011.0,2567.5,3014.0,88.6,120.3,168.3,194.4,246.6,28.0,44.5,61.0,77.5,133.0
Torino,GK,0.0,0.0,0.0,0.0,0.0,0.0,0.0,0.0,0.0,0.0,1.0,1.0,1.0,1.0,1.0,927.0,927.0,927.0,927.0,927.0,0.0,0.0,0.0,0.0,0.0,1.0,1.0,1.0,1.0,1.0
Torino,MF,4.0,5.25,6.5,7.75,10.0,1.0,3.0,4.0,5.75,6.0,7.0,9.25,11.0,15.0,22.0,1046.0,2458.0,3012.5,3298.5,4151.0,105.3,129.95,156.2,231.04999999999998,270.8,62.0,128.25,144.5,187.75,219.0
Tottenham Hotspur,DF,0.0,2.0,3.0,3.75,8.0,0.0,1.25,2.0,8.0,12.0,0.0,4.25,7.0,13.0,27.0,697.0,2811.5,4074.5,4447.75,5596.0,134.1,181.72500000000002,224.95,246.22499999999997,281.8,35.0,89.0,118.0,150.5,223.0
Tottenham Hotspur,FW,4.0,6.0,18.0,47.0,60.0,4.0,5.0,9.0,21.0,28.0,9.0,12.0,26.0,47.0,54.0,770.0,1379.0,2452.0,2603.0,3394.0,79.0,79.4,118.5,157.3,178.9,23.0,61.0,61.0,88.0,148.0
Tottenham Hotspur,GK,0.0,0.0,0.0,0.0,0.0,0.0,0.0,0.0,0.0,0.0,1.0,1.0,1.0,1.0,1.0,3222.0,3222.0,3222.0,3222.0,3222.0,0.0,0.0,0.0,0.0,0.0,1.0,1.0,1.0,1.0,1.0
Tottenham Hotspur,MF,0.0,2.5,7.5,9.5,14.0,0.0,1.75,7.5,8.75,12.0,2.0,11.25,22.0,23.75,27.0,778.0,2580.75,3519.0,3990.0,7292.0,91.3,119.725,168.2,218.62499999999997,234.2,33.0,94.0,129.0,155.75,326.0
Toulouse,DF,0.0,0.0,0.5,1.0,3.0,0.0,0.0,0.0,0.0,0.0,0.0,0.25,1.0,2.5,4.0,495.0,826.5,1014.5,1108.75,1459.0,51.9,63.675,74.35,113.6,143.2,23.0,29.5,36.5,39.0,58.0
Toulouse,FW,4.0,4.5,5.0,5.5,6.0,1.0,1.25,1.5,1.75,2.0,4.0,4.75,5.5,6.25,7.0,433.0,448.75,464.5,480.25,496.0,29.4,43.5,57.599999999999994,71.69999999999999,85.8,6.0,7.0,8.0,9.0,10.0
Toulouse,MF,0.0,1.0,2.5,4.75,14.0,0.0,0.25,2.5,4.0,7.0,0.0,3.75,6.5,9.25,17.0,639.0,1097.0,1441.5,1834.75,2872.0,18.2,49.37500000000001,90.05,117.3,118.7,30.0,44.0,75.5,101.0,190.0
US Salernitana 1919,DF,0.0,0.0,0.0,0.75,5.0,0.0,0.0,0.0,0.0,7.0,0.0,0.0,0.0,0.0,15.0,511.0,635.0,905.0,1329.5,4474.0,71.7,83.55,106.75,117.275,188.1,12.0,26.5,36.5,45.0,196.0
US Salernitana 1919,FW,11.0,13.5,16.0,18.5,21.0,3.0,3.0,3.0,3.0,3.0,6.0,6.5,7.0,7.5,8.0,650.0,709.0,768.0,827.0,886.0,64.8,69.94999999999999,75.1,80.25000000000001,85.4,16.0,18.75,21.5,24.25,27.0
US Salernitana 1919,GK,0.0,0.0,0.0,0.0,0.0,0.0,0.0,0.0,0.0,0.0,0.0,0.0,0.0,0.0,0.0,447.0,447.0,447.0,447.0,447.0,0.0,0.0,0.0,0.0,0.0,0.0,0.0,0.0,0.0,0.0
US Salernitana 1919,MF,0.0,0.0,1.0,1.0,11.0,0.0,0.0,1.0,1.0,14.0,0.0,0.0,2.0,3.0,34.0,443.0,585.0,590.0,1047.0,2811.0,42.4,78.1,79.5,99.1,108.1,17.0,23.0,40.0,67.0,99.0
Udinese,DF,0.0,0.25,1.5,3.5,5.0,0.0,0.25,1.0,1.75,8.0,1.0,2.0,3.0,4.0,16.0,349.0,1169.25,1653.0,3453.5,4912.0,89.5,108.625,180.9,232.87500000000003,339.4,23.0,50.25,82.5,145.75,186.0
Udinese,FW,2.0,5.5,8.0,15.75,21.0,0.0,3.0,4.0,5.75,13.0,1.0,4.25,9.5,14.0,35.0,227.0,520.25,892.5,1235.5,2336.0,27.8,47.025000000000006,79.65,145.72500000000002,206.1,10.0,19.25,33.5,53.0,115.0
Udinese,GK,0.0,0.0,0.0,0.0,0.0,0.0,0.0,0.0,0.0,0.0,0.0,0.0,0.0,0.0,0.0,2517.0,2517.0,2517.0,2517.0,2517.0,0.0,0.0,0.0,0.0,0.0,0.0,0.0,0.0,0.0,0.0
Udinese,MF,0.0,1.0,4.0,4.0,16.0,0.0,1.0,1.0,2.0,9.0,2.0,6.0,7.0,7.0,23.0,1163.0,1267.0,1422.0,3545.0,3793.0,80.9,85.9,102.0,179.5,213.8,45.0,52.0,68.0,74.0,182.0
Valencia CF,DF,0.0,1.25,2.0,3.75,6.0,0.0,0.0,0.5,3.25,11.0,0.0,1.0,2.0,6.75,22.0,394.0,1258.25,1724.0,2735.25,4916.0,85.8,128.9,153.95,239.375,311.1,7.0,43.75,63.0,77.0,209.0
Valencia CF,FW,5.0,6.5,12.5,21.25,31.0,0.0,2.25,6.0,10.25,14.0,3.0,5.25,17.0,31.75,43.0,316.0,373.0,1134.5,2008.5,2403.0,67.6,79.375,104.55,143.325,195.9,13.0,25.0,31.5,50.5,100.0
Valencia CF,GK,0.0,0.0,0.0,0.0,0.0,0.0,0.5,1.0,1.5,2.0,0.0,0.75,1.5,2.25,3.0,1448.0,1468.25,1488.5,1508.75,1529.0,0.0,0.0,0.0,0.0,0.0,0.0,0.0,0.0,0.0,0.0
Valencia CF,MF,1.0,2.0,3.0,6.0,22.0,0.0,1.0,5.0,9.0,16.0,2.0,4.0,11.0,16.0,31.0,388.0,1026.0,1416.0,2046.0,5216.0,60.6,114.2,149.5,173.6,206.7,30.0,50.0,61.0,88.0,156.0
Valladolid,DF,0.0,0.0,0.0,1.5,4.0,0.0,0.0,1.0,1.0,6.0,0.0,1.0,2.0,4.5,11.0,561.0,668.0,1354.0,1705.0,2730.0,62.2,87.94999999999999,154.8,178.2,216.6,21.0,37.0,61.0,68.5,97.0
Valladolid,FW,2.0,3.0,4.0,5.0,6.0,1.0,1.25,1.5,1.75,2.0,3.0,3.5,4.0,4.5,5.0,353.0,407.5,462.0,516.5,571.0,26.2,35.675,45.15,54.62499999999999,64.1,11.0,15.0,19.0,23.0,27.0
Valladolid,GK,0.0,0.0,0.0,0.0,0.0,0.0,0.0,0.0,0.0,0.0,0.0,0.25,0.5,0.75,1.0,881.0,1410.25,1939.5,2468.75,2998.0,0.0,0.0,0.0,0.0,0.0,0.0,0.25,0.5,0.75,1.0
Valladolid,MF,0.0,1.25,4.0,5.5,17.0,0.0,0.25,3.5,4.75,14.0,0.0,3.0,9.0,12.25,28.0,502.0,784.25,1972.5,3101.75,3964.0,25.0,64.39999999999999,76.15,107.875,138.9,34.0,43.75,98.5,135.25,212.0
Venezia FC,DF,0.0,0.0,0.5,1.25,2.0,0.0,0.0,0.5,1.0,1.0,0.0,0.0,0.5,1.25,2.0,500.0,738.5,832.5,894.5,1037.0,55.6,61.37499999999999,90.94999999999999,129.475,162.1,15.0,21.0,24.0,32.0,53.0
Venezia FC,FW,0.0,2.0,4.0,4.5,5.0,0.0,0.5,1.0,1.5,2.0,1.0,2.5,4.0,4.5,5.0,207.0,207.0,207.0,288.0,369.0,14.8,17.4,20.0,26.65,33.3,2.0,5.0,8.0,10.0,12.0
Venezia FC,GK,0.0,0.0,0.0,0.0,0.0,0.0,0.0,0.0,0.0,0.0,0.0,0.0,0.0,0.0,0.0,409.0,409.0,409.0,409.0,409.0,0.0,0.0,0.0,0.0,0.0,0.0,0.0,0.0,0.0,0.0
Venezia FC,MF,0.0,0.0,0.0,0.5,1.0,1.0,1.0,1.0,1.5,2.0,2.0,3.0,4.0,4.5,5.0,644.0,657.0,670.0,1098.5,1527.0,46.2,64.75,83.3,153.3,223.3,38.0,43.5,49.0,71.5,94.0
VfB Stuttgart,DF,0.0,0.5,1.0,2.0,7.0,0.0,0.5,2.0,2.0,13.0,0.0,2.0,4.0,5.5,17.0,537.0,838.5,1376.0,2351.0,4635.0,50.0,68.1,120.6,154.9,228.2,18.0,34.0,47.0,80.0,125.0
VfB Stuttgart,FW,1.0,5.5,7.0,9.0,16.0,2.0,2.0,4.0,5.5,7.0,5.0,8.0,10.0,11.0,13.0,483.0,518.5,672.0,1027.0,1400.0,46.7,53.9,58.3,96.95,117.4,15.0,26.5,47.0,48.0,51.0
VfB Stuttgart,GK,0.0,0.0,0.0,0.0,0.0,0.0,0.0,0.0,0.0,0.0,0.0,0.25,0.5,0.75,1.0,628.0,1244.25,1860.5,2476.75,3093.0,0.0,0.0,0.0,0.0,0.0,0.0,0.0,0.0,0.0,0.0
VfB Stuttgart,MF,0.0,0.0,2.0,4.0,6.0,0.0,1.0,5.0,5.0,6.0,0.0,2.0,8.0,10.0,10.0,565.0,1297.0,1459.0,1832.0,2697.0,81.5,85.7,94.2,108.6,121.6,13.0,41.0,50.0,64.0,129.0
VfL Bochum 1848,DF,0.0,0.0,0.0,0.25,1.0,0.0,0.0,0.0,0.0,0.0,0.0,0.0,0.5,1.5,3.0,422.0,443.0,696.5,989.25,1128.0,54.2,61.25,64.8,83.725,136.9,25.0,28.0,42.0,58.5,69.0
VfL Bochum 1848,FW,0.0,0.75,2.0,4.25,8.0,1.0,1.75,2.5,3.0,3.0,1.0,3.25,5.0,6.25,7.0,311.0,335.0,476.0,705.5,995.0,47.6,52.324999999999996,61.45,71.9,80.6,8.0,8.75,16.0,28.25,44.0
VfL Bochum 1848,GK,0.0,0.0,0.0,0.0,0.0,0.0,0.0,0.0,0.0,0.0,0.0,0.0,0.0,0.0,0.0,808.0,924.5,1041.0,1157.5,1274.0,0.0,0.0,0.0,0.0,0.0,0.0,0.5,1.0,1.5,2.0
VfL Bochum 1848,MF,1.0,3.0,5.0,6.0,7.0,0.0,2.5,5.0,6.0,7.0,1.0,5.0,9.0,14.5,20.0,586.0,1075.5,1565.0,1659.5,1754.0,64.4,97.05,129.7,164.5,199.3,43.0,61.0,79.0,98.0,117.0
VfL Wolfsburg,DF,0.0,1.25,4.0,5.75,9.0,1.0,1.25,3.0,5.5,12.0,1.0,4.0,5.0,15.75,29.0,429.0,1665.75,2571.0,3314.5,5589.0,90.6,135.9,175.75,185.72500000000002,276.6,42.0,93.25,119.0,151.25,166.0
VfL Wolfsburg,FW,3.0,8.5,16.5,21.5,59.0,0.0,2.25,5.5,14.0,19.0,1.0,7.5,17.5,28.25,35.0,298.0,758.0,1603.5,2182.0,2815.0,66.2,76.75,120.9,204.27499999999998,222.5,10.0,37.75,59.5,88.75,102.0
VfL Wolfsburg,GK,0.0,0.0,0.0,0.0,0.0,0.0,0.0,0.0,0.0,0.0,0.0,0.25,0.5,0.75,1.0,736.0,1555.0,2374.0,3193.0,4012.0,0.0,0.0,0.0,0.0,0.0,0.0,0.0,0.0,0.0,0.0
VfL Wolfsburg,MF,1.0,2.5,7.0,8.5,10.0,2.0,3.0,5.0,8.0,20.0,4.0,7.0,11.0,16.0,41.0,566.0,717.5,1809.0,2409.5,5595.0,47.3,109.85,163.8,224.7,280.7,18.0,23.0,82.0,147.5,189.0
Villarreal CF,DF,0.0,1.0,2.0,4.5,5.0,0.0,1.25,2.5,5.75,11.0,2.0,3.25,5.0,11.5,17.0,1406.0,2261.25,3262.5,4656.0,6402.0,54.9,171.57500000000002,202.0,237.92499999999998,289.0,37.0,77.25,122.0,150.5,198.0
Villarreal CF,FW,5.0,20.0,29.0,38.0,53.0,2.0,3.5,6.0,9.5,14.0,4.0,16.0,22.5,29.25,42.0,450.0,854.25,1126.5,1730.25,3129.0,23.1,100.05000000000001,131.8,156.47500000000002,212.2,9.0,15.75,39.0,60.5,62.0
Villarreal CF,GK,0.0,0.0,0.0,0.0,0.0,0.0,0.0,0.0,0.0,0.0,1.0,1.25,1.5,1.75,2.0,2639.0,2780.25,2921.5,3062.75,3204.0,0.0,0.0,0.0,0.0,0.0,0.0,0.0,0.0,0.0,0.0
Villarreal CF,MF,0.0,2.0,4.0,11.75,20.0,1.0,2.75,5.5,10.5,19.0,1.0,6.25,12.0,25.0,43.0,628.0,1860.0,3300.0,4122.25,8545.0,42.9,114.17499999999998,143.15,206.725,299.3,39.0,67.5,117.0,149.5,228.0
Watford,DF,0.0,0.0,0.5,2.5,4.0,0.0,0.25,1.5,3.0,6.0,0.0,1.0,2.5,6.25,9.0,1127.0,1565.5,2209.5,2665.5,3326.0,103.3,135.7,187.14999999999998,201.7,235.2,48.0,71.0,90.0,102.75,140.0
Watford,FW,7.0,9.0,13.0,19.0,23.0,2.0,6.0,7.0,8.0,9.0,6.0,9.0,13.0,20.0,27.0,412.0,416.0,1548.0,1654.0,1783.0,52.2,76.9,138.7,153.7,158.6,9.0,37.0,52.0,62.0,70.0
Watford,GK,0.0,0.0,0.0,0.0,0.0,1.0,1.0,1.0,1.0,1.0,4.0,4.0,4.0,4.0,4.0,2727.0,2727.0,2727.0,2727.0,2727.0,100.0,100.0,100.0,100.0,100.0,0.0,0.0,0.0,0.0,0.0
Watford,MF,0.0,2.0,4.0,11.25,18.0,1.0,2.0,3.5,5.75,10.0,2.0,4.0,6.5,12.0,28.0,479.0,1297.0,1561.5,2580.0,3931.0,97.9,109.92499999999998,123.05000000000001,189.925,227.8,37.0,61.75,72.0,125.75,204.0
Werder Bremen,DF,0.0,0.5,1.0,1.5,8.0,0.0,0.0,0.0,2.0,5.0,0.0,0.0,4.0,5.0,16.0,1133.0,1425.5,3222.0,3782.0,4564.0,115.5,138.4,158.4,186.35000000000002,204.9,19.0,38.5,91.0,122.5,175.0
Werder Bremen,FW,0.0,2.5,5.0,8.5,12.0,1.0,1.5,2.0,2.5,3.0,7.0,7.5,8.0,8.0,8.0,473.0,520.0,567.0,661.0,755.0,22.6,80.6,138.6,142.1,145.6,10.0,13.5,17.0,22.0,27.0
Werder Bremen,GK,0.0,0.0,0.0,0.0,0.0,0.0,0.0,0.0,0.0,0.0,0.0,0.0,0.0,0.0,0.0,3571.0,3571.0,3571.0,3571.0,3571.0,0.0,0.0,0.0,0.0,0.0,0.0,0.0,0.0,0.0,0.0
Werder Bremen,MF,0.0,0.0,0.5,9.5,12.0,0.0,1.0,2.5,5.25,9.0,1.0,1.75,3.0,11.25,25.0,364.0,765.75,1364.0,1915.75,2609.0,58.6,87.12500000000001,110.5,123.85,163.6,22.0,34.75,68.0,97.25,148.0
West Brom,DF,0.0,0.0,0.5,1.75,3.0,0.0,0.0,0.5,1.75,3.0,1.0,2.0,2.5,3.0,4.0,518.0,821.0,902.0,1118.75,1177.0,56.3,63.2,64.05000000000001,66.4,131.6,26.0,48.25,50.0,54.75,58.0
West Brom,FW,2.0,2.75,3.5,4.5,6.0,0.0,0.75,1.5,2.0,2.0,2.0,2.75,4.0,5.5,7.0,230.0,239.75,342.0,481.75,604.0,31.1,32.074999999999996,32.75,42.175000000000004,69.4,8.0,8.0,11.0,15.0,18.0
West Brom,GK,0.0,0.0,0.0,0.0,0.0,1.0,1.0,1.0,1.0,1.0,1.0,1.0,1.0,1.0,1.0,1282.0,1282.0,1282.0,1282.0,1282.0,0.0,0.0,0.0,0.0,0.0,0.0,0.0,0.0,0.0,0.0
West Brom,MF,0.0,0.0,1.0,2.0,14.0,0.0,0.0,1.0,1.0,8.0,1.0,2.0,2.0,3.0,15.0,381.0,567.0,616.0,712.0,1544.0,24.6,29.4,48.6,54.9,68.4,21.0,29.0,31.0,47.0,55.0
West Ham United,DF,0.0,1.5,3.0,5.5,8.0,0.0,0.5,1.0,4.0,10.0,0.0,2.0,3.0,7.0,20.0,784.0,1843.5,2321.0,2943.0,5681.0,95.5,153.3,204.6,247.15,297.7,37.0,78.0,96.0,127.0,134.0
West Ham United,FW,4.0,7.0,10.5,16.0,32.0,2.0,8.75,10.0,13.25,16.0,7.0,16.0,19.0,27.75,37.0,827.0,1316.0,1861.5,2460.75,3766.0,58.4,105.1,135.1,155.52499999999998,210.0,24.0,55.5,70.5,102.25,160.0
West Ham United,GK,0.0,0.0,0.0,0.0,0.0,0.0,0.0,0.0,0.0,0.0,0.0,0.0,0.0,0.0,0.0,3354.0,3354.0,3354.0,3354.0,3354.0,0.0,0.0,0.0,0.0,0.0,0.0,0.0,0.0,0.0,0.0
West Ham United,MF,4.0,5.0,6.0,10.5,15.0,2.0,3.5,5.0,6.0,7.0,7.0,10.5,14.0,15.5,17.0,1893.0,2249.5,2606.0,4156.5,5707.0,60.0,115.6,171.2,212.55,253.9,36.0,96.0,156.0,244.0,332.0
Wolverhampton Wanderers,DF,0.0,1.0,2.0,3.0,9.0,0.0,1.0,1.0,3.0,5.0,1.0,2.0,2.0,8.0,13.0,862.0,2208.0,3080.0,4602.0,5985.0,120.1,169.1,200.8,239.7,337.9,42.0,86.0,124.0,182.0,228.0
Wolverhampton Wanderers,FW,3.0,4.0,8.0,8.0,37.0,2.0,4.0,9.0,15.0,17.0,3.0,11.0,17.0,31.0,38.0,657.0,911.0,1634.0,2809.0,3071.0,38.7,54.4,59.4,173.1,317.2,19.0,23.0,32.0,83.0,109.0
Wolverhampton Wanderers,GK,0.0,0.0,0.0,0.0,0.0,1.0,1.0,1.0,1.0,1.0,0.0,0.0,0.0,0.0,0.0,507.0,507.0,507.0,507.0,507.0,0.0,0.0,0.0,0.0,0.0,0.0,0.0,0.0,0.0,0.0
Wolverhampton Wanderers,MF,3.0,3.75,5.5,8.25,12.0,1.0,2.5,5.0,9.0,15.0,4.0,9.25,13.0,18.25,28.0,318.0,2595.75,5077.0,6812.25,6852.0,58.2,126.07499999999999,170.5,202.22500000000002,232.0,10.0,139.75,223.0,271.5,297.0
